chr	pos	f_1	f_2	diff_f	type	start	end	atrribute	description	ncbi_id	vectorbase_id	orthodb_id	uniprot_id	GOs_id	GOs_description	interpro_id	interpro_description
NW_001886702.1	1500001	0.256197232244207	0.151861495296054	0.104335736948153	gene	1503860	1504567	ID=gene22393;Dbxref=VectorBase:CPIJ000289,GeneID:6031010;Name=CpipJ_CPIJ000289;end_range=1504567,.;gbkey=Gene;gene_biotype=protein_coding;locus_tag=CpipJ_CPIJ000289;partial=true;start_range=.,1503860	hypothetical protein [Culex quinquefasciatus (southern house mosquito)]	6031010	CPIJ000289	15764at7157	B0VZH8			IPR001202, IPR036020	WW_dom.; WW_dom_sf.
NW_001886702.1	1500001	0.256197232244207	0.151861495296054	0.104335736948153	gene	1537828	1538366	ID=gene22394;Dbxref=VectorBase:CPIJ000290,GeneID:6031011;Name=CpipJ_CPIJ000290;end_range=1538366,.;gbkey=Gene;gene_biotype=protein_coding;locus_tag=CpipJ_CPIJ000290;partial=true;start_range=.,1537828	hypothetical protein [Culex quinquefasciatus (southern house mosquito)]	6031011	CPIJ000290		B0VZH9				
NW_001886702.1	1500001	0.256197232244207	0.151861495296054	0.104335736948153	gene	1548690	1550073	ID=gene22395;Dbxref=VectorBase:CPIJ000291,GeneID:6031012;Name=CpipJ_CPIJ000291;end_range=1550073,.;gbkey=Gene;gene_biotype=protein_coding;locus_tag=CpipJ_CPIJ000291;partial=true;start_range=.,1548690	hypothetical protein [Culex quinquefasciatus (southern house mosquito)]	6031012	CPIJ000291	10680at7157	B0VZI0			IPR001202, IPR036020	WW_dom.; WW_dom_sf.
NW_001886702.1	1500001	0.256197232244207	0.151861495296054	0.104335736948153	gene	1554905	1559472	ID=gene22396;Dbxref=VectorBase:CPIJ000292,GeneID:6031013;Name=CpipJ_CPIJ000292;end_range=1559472,.;gbkey=Gene;gene_biotype=protein_coding;locus_tag=CpipJ_CPIJ000292;partial=true;start_range=.,1554905	CRSP complex subunit 3 [Culex quinquefasciatus (southern house mosquito)]	6031013	CPIJ000292	750at7157	B0VZI1			IPR021629	Mediator_Med23.
NW_001886702.1	1500001	0.256197232244207	0.151861495296054	0.104335736948153	gene	1564292	1566365	ID=gene22397;Dbxref=VectorBase:CPIJ000293,GeneID:6031014;Name=CpipJ_CPIJ000293;end_range=1566365,.;gbkey=Gene;gene_biotype=protein_coding;locus_tag=CpipJ_CPIJ000293;partial=true;start_range=.,1564292	cytochrome P450 4V3 [Culex quinquefasciatus (southern house mosquito)]	6031014	CPIJ000293	5812at7157	B0VZI2	GO:0020037, GO:0005506, GO:0004497, GO:0016705	F:heme binding; F:iron ion binding; F:monooxygenase activity; F:oxidoreductase activity, acting on paired donors, with incorporation or reduction of molecular oxygen	IPR001128, IPR017972, IPR002401, IPR036396	Cyt_P450.; Cyt_P450_CS.; Cyt_P450_E_grp-I.; Cyt_P450_sf.
NW_001886702.1	1500001	0.256197232244207	0.151861495296054	0.104335736948153	gene	1566591	1568277	ID=gene22398;Dbxref=VectorBase:CPIJ000294,GeneID:6031015;Name=CpipJ_CPIJ000294;end_range=1568277,.;gbkey=Gene;gene_biotype=protein_coding;locus_tag=CpipJ_CPIJ000294;partial=true;start_range=.,1566591	cytochrome P450 4C1 [Culex quinquefasciatus (southern house mosquito)]	6031015	CPIJ000294	7691at7157	B0VZI3	GO:0020037, GO:0005506, GO:0004497, GO:0016705	F:heme binding; F:iron ion binding; F:monooxygenase activity; F:oxidoreductase activity, acting on paired donors, with incorporation or reduction of molecular oxygen	IPR001128, IPR017972, IPR002403, IPR036396	Cyt_P450.; Cyt_P450_CS.; Cyt_P450_E_grp-IV.; Cyt_P450_sf.
NW_001886702.1	1500001	0.256197232244207	0.151861495296054	0.104335736948153	gene	1569728	1571842	ID=gene22399;Dbxref=VectorBase:CPIJ000295,GeneID:6031016;Name=CpipJ_CPIJ000295;end_range=1571842,.;gbkey=Gene;gene_biotype=protein_coding;locus_tag=CpipJ_CPIJ000295;partial=true;start_range=.,1569728	aarF domain containing kinase 5 [Culex quinquefasciatus (southern house mosquito)]	6031016	CPIJ000295	5551at7157	B0VZI4	GO:0016301	F:kinase activity	IPR011009, IPR004147	Kinase-like_dom_sf.; UbiB_dom.
NW_001886702.1	1500001	0.256197232244207	0.151861495296054	0.104335736948153	gene	1573596	1596696	ID=gene22400;Dbxref=VectorBase:CPIJ000296,GeneID:6031017;Name=CpipJ_CPIJ000296;end_range=1596696,.;gbkey=Gene;gene_biotype=protein_coding;locus_tag=CpipJ_CPIJ000296;partial=true;start_range=.,1573596	staufen [Culex quinquefasciatus (southern house mosquito)]	6031017	CPIJ000296	4836at7157	B0VZI5	GO:0003723	F:RNA binding	IPR014720, IPR032478	dsRBD_dom.; Staufen_C.
NW_001886702.1	2400001	0.144331171553267	0.0031543090565776	0.141176862496689	gene	2411392	2412709	ID=gene22427;Dbxref=VectorBase:CPIJ000322,GeneID:6031044;Name=CpipJ_CPIJ000322;end_range=2412709,.;gbkey=Gene;gene_biotype=protein_coding;locus_tag=CpipJ_CPIJ000322;partial=true;start_range=.,2411392	hypothetical protein [Culex quinquefasciatus (southern house mosquito)]	6031044	CPIJ000322		B0VZL1			IPR031961	DUF4780.
NW_001886702.1	2400001	0.144331171553267	0.0031543090565776	0.141176862496689	gene	2432166	2432239	ID=gene22428;Dbxref=VectorBase:CPIJ020647,GeneID:6031045;Name=CpipJ_CPIJ020647;gbkey=Gene;gene_biotype=tRNA;locus_tag=CpipJ_CPIJ020647	tRNA [Culex quinquefasciatus (southern house mosquito)]	6031045	CPIJ020647		A0A3U8HI78				
NW_001886702.1	2400001	0.144331171553267	0.0031543090565776	0.141176862496689	gene	2481156	2481228	ID=gene22429;Dbxref=VectorBase:CPIJ020650,GeneID:6031046;Name=CpipJ_CPIJ020650;gbkey=Gene;gene_biotype=tRNA;locus_tag=CpipJ_CPIJ020650	tRNA [Culex quinquefasciatus (southern house mosquito)]	6031046	CPIJ020650		A0A3T7RVW1				
NW_001886702.1	2400001	0.144331171553267	0.0031543090565776	0.141176862496689	gene	2488002	2491057	ID=gene22430;Dbxref=VectorBase:CPIJ000323,GeneID:6031047;Name=CpipJ_CPIJ000323;end_range=2491057,.;gbkey=Gene;gene_biotype=protein_coding;locus_tag=CpipJ_CPIJ000323;partial=true;start_range=.,2488002	hypothetical protein [Culex quinquefasciatus (southern house mosquito)]	6031047	CPIJ000323	10799at7157	A0A3U5DRN8				
NW_001886702.1	2500001	0.0957354074317339	0	0.0957354074317339	gene	2506021	2507427	ID=gene22432;Dbxref=VectorBase:CPIJ000325,GeneID:6031049;Name=CpipJ_CPIJ000325;end_range=2507427,.;gbkey=Gene;gene_biotype=protein_coding;locus_tag=CpipJ_CPIJ000325;partial=true;start_range=.,2506021	DNA primase small subunit [Culex quinquefasciatus (southern house mosquito)]	6031049	CPIJ000325	6407at7157	B0VZL4	GO:0003896	F:DNA primase activity	IPR002755, IPR014052	DNA_primase_S.; DNA_primase_ssu_euk/arc.
NW_001886702.1	2500001	0.0957354074317339	0	0.0957354074317339	gene	2508156	2514396	ID=gene22433;Dbxref=VectorBase:CPIJ000326,GeneID:6031050;Name=CpipJ_CPIJ000326;end_range=2514396,.;gbkey=Gene;gene_biotype=protein_coding;locus_tag=CpipJ_CPIJ000326;partial=true;start_range=.,2508156	hypothetical protein [Culex quinquefasciatus (southern house mosquito)]	6031050	CPIJ000326	1805at7157	A0A3Y1CAQ9				
NW_001886702.1	2500001	0.0957354074317339	0	0.0957354074317339	gene	2514449	2515046	ID=gene22434;Dbxref=VectorBase:CPIJ000327,GeneID:6031051;Name=CpipJ_CPIJ000327;end_range=2515046,.;gbkey=Gene;gene_biotype=protein_coding;locus_tag=CpipJ_CPIJ000327;partial=true;start_range=.,2514449	hypothetical protein [Culex quinquefasciatus (southern house mosquito)]	6031051	CPIJ000327		B0VZL6				
NW_001886702.1	2500001	0.0957354074317339	0	0.0957354074317339	gene	2515157	2515713	ID=gene22435;Dbxref=VectorBase:CPIJ000328,GeneID:6031052;Name=CpipJ_CPIJ000328;end_range=2515713,.;gbkey=Gene;gene_biotype=protein_coding;locus_tag=CpipJ_CPIJ000328;partial=true;start_range=.,2515157	hypothetical protein [Culex quinquefasciatus (southern house mosquito)]	6031052	CPIJ000328		A0A3V7C9A3				
NW_001886702.1	2500001	0.0957354074317339	0	0.0957354074317339	gene	2516805	2522260	ID=gene22436;Dbxref=VectorBase:CPIJ000329,GeneID:6031053;Name=CpipJ_CPIJ000329;end_range=2522260,.;gbkey=Gene;gene_biotype=protein_coding;locus_tag=CpipJ_CPIJ000329;partial=true;start_range=.,2516805	hypothetical protein [Culex quinquefasciatus (southern house mosquito)]	6031053	CPIJ000329	2615at7157	B0VZL8	GO:0003824	F:catalytic activity	IPR017850, IPR004245	Alkaline_phosphatase_core_sf.; DUF229.
NW_001886702.1	2500001	0.0957354074317339	0	0.0957354074317339	gene	2566335	2569195	ID=gene22437;Dbxref=VectorBase:CPIJ000330,GeneID:6031054;Name=CpipJ_CPIJ000330;end_range=2569195,.;gbkey=Gene;gene_biotype=protein_coding;locus_tag=CpipJ_CPIJ000330;partial=true;start_range=.,2566335	tenascin [Culex quinquefasciatus (southern house mosquito)]	6031054	CPIJ000330		A0A2T6X1Y7			IPR006660, IPR036249, IPR006504	Arsenate_reductase-like.; Thioredoxin-like_sf.; Tscrpt_reg_Spx/MgsR.
NW_001886702.1	2500001	0.0957354074317339	0	0.0957354074317339	gene	2569996	2571725	ID=gene22438;Dbxref=VectorBase:CPIJ000331,GeneID:6031055;Name=CpipJ_CPIJ000331;end_range=2571725,.;gbkey=Gene;gene_biotype=protein_coding;locus_tag=CpipJ_CPIJ000331;partial=true;start_range=.,2569996	fibrinogen and fibronectin [Culex quinquefasciatus (southern house mosquito)]	6031055	CPIJ000331		B0VZM0			IPR036056, IPR014716, IPR014715, IPR002181	Fibrinogen-like_C.; Fibrinogen_a/b/g_C_1.; Fibrinogen_a/b/g_C_2.; Fibrinogen_a/b/g_C_dom.
NW_001886702.1	2500001	0.0957354074317339	0	0.0957354074317339	gene	2583394	2584132	ID=gene22439;Dbxref=VectorBase:CPIJ000332,GeneID:6031056;Name=CpipJ_CPIJ000332;end_range=2584132,.;gbkey=Gene;gene_biotype=protein_coding;locus_tag=CpipJ_CPIJ000332;partial=true;start_range=.,2583394	angiopoietin-1 [Culex quinquefasciatus (southern house mosquito)]	6031056	CPIJ000332		B0VZM1			IPR036056, IPR014716, IPR002181	Fibrinogen-like_C.; Fibrinogen_a/b/g_C_1.; Fibrinogen_a/b/g_C_dom.
NW_001886702.1	2500001	0.0957354074317339	0	0.0957354074317339	gene	2584978	2586896	ID=gene22440;Dbxref=VectorBase:CPIJ000333,GeneID:6031057;Name=CpipJ_CPIJ000333;end_range=2586896,.;gbkey=Gene;gene_biotype=protein_coding;locus_tag=CpipJ_CPIJ000333;partial=true;start_range=.,2584978	aslectin AL-1 [Culex quinquefasciatus (southern house mosquito)]	6031057	CPIJ000333		A0A3Y1CAN3				
NW_001886705.1	500001	0.167364459503697	0.0739551083297828	0.0934093511739142	gene	541426	546881	ID=gene22049;Dbxref=VectorBase:CPIJ000461,GeneID:6031315;Name=CpipJ_CPIJ000461;end_range=546881,.;gbkey=Gene;gene_biotype=protein_coding;locus_tag=CpipJ_CPIJ000461;partial=true;start_range=.,541426	hypothetical protein [Culex quinquefasciatus (southern house mosquito)]	6031315	CPIJ000461	3546at7157	B0W097				
NW_001886706.1	1500001	0.395631413858761	0.30151326775739	0.094118146101371	gene	1547707	1555270	ID=gene21984;Dbxref=VectorBase:CPIJ000721,GeneID:6031492;Name=CpipJ_CPIJ000721;end_range=1555270,.;gbkey=Gene;gene_biotype=protein_coding;locus_tag=CpipJ_CPIJ000721;partial=true;start_range=.,1547707	hypothetical protein [Culex quinquefasciatus (southern house mosquito)]	6031492	CPIJ000721	18155at7157	B0W0Q2	GO:0005634, GO:0003677, GO:0003700	C:nucleus; F:DNA binding; F:DNA-binding transcription factor activity	IPR008967, IPR036960, IPR001699	p53-like_TF_DNA-bd.; T-box_sf.; TF_T-box.
NW_001886706.1	1500001	0.395631413858761	0.30151326775739	0.094118146101371	gene	1578096	1592443	ID=gene21985;Dbxref=VectorBase:CPIJ000722,GeneID:6031493;Name=CpipJ_CPIJ000722;end_range=1592443,.;gbkey=Gene;gene_biotype=protein_coding;locus_tag=CpipJ_CPIJ000722;partial=true;start_range=.,1578096	hypothetical protein [Culex quinquefasciatus (southern house mosquito)]	6031493	CPIJ000722	16912at7157	B0W0Q3	GO:0005634, GO:0003700	C:nucleus; F:DNA-binding transcription factor activity	IPR001699	TF_T-box.
NW_001886707.1	2000001	0.170731400913687	0.0709252340532709	0.0998061668604161	gene	2012617	2012688	ID=gene21907;Dbxref=VectorBase:CPIJ020927,GeneID:6031674;Name=CpipJ_CPIJ020927;gbkey=Gene;gene_biotype=tRNA;locus_tag=CpipJ_CPIJ020927	tRNA [Culex quinquefasciatus (southern house mosquito)]	6031674	CPIJ020927		A0A3Y9C0I8				
NW_001886707.1	2000001	0.170731400913687	0.0709252340532709	0.0998061668604161	gene	2086772	2087548	ID=gene21908;Dbxref=VectorBase:CPIJ000654,GeneID:6031675;Name=CpipJ_CPIJ000654;end_range=2087548,.;gbkey=Gene;gene_biotype=protein_coding;locus_tag=CpipJ_CPIJ000654;partial=true;start_range=.,2086772	hypothetical protein [Culex quinquefasciatus (southern house mosquito)]	6031675	CPIJ000654		A0A3Y6NRF5				
NW_001886707.1	2000001	0.170731400913687	0.0709252340532709	0.0998061668604161	gene	2093429	2095392	ID=gene21909;Dbxref=VectorBase:CPIJ000655,GeneID:6031676;Name=CpipJ_CPIJ000655;end_range=2095392,.;gbkey=Gene;gene_biotype=protein_coding;locus_tag=CpipJ_CPIJ000655;partial=true;start_range=.,2093429	cytochrome P450 9b2 [Culex quinquefasciatus (southern house mosquito)]	6031676	CPIJ000655	7956at7157	B0W134	GO:0016021, GO:0020037, GO:0005506, GO:0004497, GO:0016705	C:integral component of membrane; F:heme binding; F:iron ion binding; F:monooxygenase activity; F:oxidoreductase activity, acting on paired donors, with incorporation or reduction of molecular oxygen	IPR001128, IPR017972, IPR002401, IPR036396	Cyt_P450.; Cyt_P450_CS.; Cyt_P450_E_grp-I.; Cyt_P450_sf.
NW_001886707.1	2000001	0.170731400913687	0.0709252340532709	0.0998061668604161	gene	2095857	2098799	ID=gene21910;Dbxref=VectorBase:CPIJ000656,GeneID:6031677;Name=CpipJ_CPIJ000656;end_range=2098799,.;gbkey=Gene;gene_biotype=protein_coding;locus_tag=CpipJ_CPIJ000656;partial=true;start_range=.,2095857	hypothetical protein [Culex quinquefasciatus (southern house mosquito)]	6031677	CPIJ000656	8503at7157	A0A3Y1CCG1				
NW_001886708.1	400001	0.268232404622973	0.14159661927706	0.126635785345913	gene	402993	403066	ID=gene21718;Dbxref=VectorBase:CPIJ021122,GeneID:6031697;Name=CpipJ_CPIJ021122;gbkey=Gene;gene_biotype=tRNA;locus_tag=CpipJ_CPIJ021122	tRNA [Culex quinquefasciatus (southern house mosquito)]	6031697	CPIJ021122		A0A3R0SWF6			IPR010920, IPR011066, IPR006685, IPR030192	LSM_dom_sf.; MscC_channel_C.; MscS_channel.; YbdG.
NW_001886708.1	400001	0.268232404622973	0.14159661927706	0.126635785345913	gene	438120	438191	ID=gene21719;Dbxref=VectorBase:CPIJ021123,GeneID:6031698;Name=CpipJ_CPIJ021123;gbkey=Gene;gene_biotype=tRNA;locus_tag=CpipJ_CPIJ021123	tRNA [Culex quinquefasciatus (southern house mosquito)]	6031698	CPIJ021123		A0A0F7J726	GO:0016021, GO:0022857, GO:0006865	C:integral component of membrane; F:transmembrane transporter activity; P:amino acid transport	IPR004841, IPR002293, IPR004840	AA-permease/SLC12A_dom.; AA/rel_permease1.; Amoino_acid_permease_CS.
NW_001886708.1	400001	0.268232404622973	0.14159661927706	0.126635785345913	gene	441682	441753	ID=gene21720;Dbxref=VectorBase:CPIJ021124,GeneID:6031699;Name=CpipJ_CPIJ021124;gbkey=Gene;gene_biotype=tRNA;locus_tag=CpipJ_CPIJ021124	tRNA [Culex quinquefasciatus (southern house mosquito)]	6031699	CPIJ021124		A0A3Y4RLG3				
NW_001886708.1	400001	0.268232404622973	0.14159661927706	0.126635785345913	gene	455939	456012	ID=gene21721;Dbxref=VectorBase:CPIJ021126,GeneID:6031700;Name=CpipJ_CPIJ021126;gbkey=Gene;gene_biotype=tRNA;locus_tag=CpipJ_CPIJ021126	tRNA [Culex quinquefasciatus (southern house mosquito)]	6031700	CPIJ021126		A0A1J4R872	GO:0016021	C:integral component of membrane	IPR016865, IPR007339	RclC.; RclC-like.
NW_001886708.1	400001	0.268232404622973	0.14159661927706	0.126635785345913	gene	465796	476865	ID=gene21722;Dbxref=VectorBase:CPIJ000808,GeneID:6031701;Name=CpipJ_CPIJ000808;end_range=476865,.;gbkey=Gene;gene_biotype=protein_coding;locus_tag=CpipJ_CPIJ000808;partial=true;start_range=.,465796	low-density lipoprotein receptor [Culex quinquefasciatus (southern house mosquito)]	6031701	CPIJ000808	367at7157	A0A3V6G0G7				
NW_001886708.1	400001	0.268232404622973	0.14159661927706	0.126635785345913	gene	485322	486800	ID=gene21723;Dbxref=VectorBase:CPIJ000809,GeneID:6031702;Name=CpipJ_CPIJ000809;end_range=486800,.;gbkey=Gene;gene_biotype=protein_coding;locus_tag=CpipJ_CPIJ000809;partial=true;start_range=.,485322	hypothetical protein [Culex quinquefasciatus (southern house mosquito)]	6031702	CPIJ000809	15455at7157	A0A3V6G0G6				
NW_001886708.1	400001	0.268232404622973	0.14159661927706	0.126635785345913	gene	497473	498484	ID=gene21724;Dbxref=VectorBase:CPIJ000810,GeneID:6031703;Name=CpipJ_CPIJ000810;end_range=498484,.;gbkey=Gene;gene_biotype=protein_coding;locus_tag=CpipJ_CPIJ000810;partial=true;start_range=.,497473	leucine rich protein [Culex quinquefasciatus (southern house mosquito)]	6031703	CPIJ000810	10564at7157	B0W149			IPR001611, IPR025875, IPR003591, IPR032675	Leu-rich_rpt.; Leu-rich_rpt_4.; Leu-rich_rpt_typical-subtyp.; LRR_dom_sf.
NW_001886708.1	900001	0.373461450340281	0.218444628332242	0.155016822008039	gene	978110	978179	ID=gene21740;Dbxref=VectorBase:CPIJ021143,GeneID:6031719;Name=CpipJ_CPIJ021143;gbkey=Gene;gene_biotype=tRNA;locus_tag=CpipJ_CPIJ021143	tRNA [Culex quinquefasciatus (southern house mosquito)]	6031719	CPIJ021143		A0A3U1NM71				
NW_001886709.1	600001	0.374463132872323	0.106957673286657	0.267505459585666	gene	615411	629053	ID=gene21630;Dbxref=VectorBase:CPIJ000867,GeneID:6031781;Name=CpipJ_CPIJ000867;end_range=629053,.;gbkey=Gene;gene_biotype=protein_coding;locus_tag=CpipJ_CPIJ000867;partial=true;start_range=.,615411	hypothetical protein [Culex quinquefasciatus (southern house mosquito)]	6031781	CPIJ000867	12947at7157	A0A3U4ZHV5				
NW_001886709.1	600001	0.374463132872323	0.106957673286657	0.267505459585666	gene	675652	675724	ID=gene21631;Dbxref=VectorBase:CPIJ021219,GeneID:6031782;Name=CpipJ_CPIJ021219;gbkey=Gene;gene_biotype=tRNA;locus_tag=CpipJ_CPIJ021219	tRNA [Culex quinquefasciatus (southern house mosquito)]	6031782	CPIJ021219		A0A1U7FJA1	GO:0003987, GO:0016208, GO:0005524, GO:0046872, GO:0019427, GO:0006935	F:acetate-CoA ligase activity; F:AMP binding; F:ATP binding; F:metal ion binding; P:acetyl-CoA biosynthetic process from acetate; P:chemotaxis	IPR011904, IPR032387, IPR025110, IPR020845, IPR000873, IPR042099	Ac_CoA_lig.; ACAS_N.; AMP-bd_C.; AMP-binding_CS.; AMP-dep_Synth/Lig.; AMP-dep_Synthh-like_sf.
NW_001886709.1	1000001	0.123592724825793	0	0.123592724825793	gene	1008328	1011573	ID=gene21641;Dbxref=VectorBase:CPIJ000877,GeneID:6031792;Name=CpipJ_CPIJ000877;end_range=1011573,.;gbkey=Gene;gene_biotype=protein_coding;locus_tag=CpipJ_CPIJ000877;partial=true;start_range=.,1008328	hypothetical protein [Culex quinquefasciatus (southern house mosquito)]	6031792	CPIJ000877	9086at7157	B0W1B6	GO:0016021	C:integral component of membrane	IPR027417	P-loop_NTPase.
NW_001886709.1	1000001	0.123592724825793	0	0.123592724825793	gene	1019747	1027579	ID=gene21642;Dbxref=VectorBase:CPIJ000878,GeneID:6031793;Name=CpipJ_CPIJ000878;end_range=1027579,.;gbkey=Gene;gene_biotype=protein_coding;locus_tag=CpipJ_CPIJ000878;partial=true;start_range=.,1019747	hypothetical protein [Culex quinquefasciatus (southern house mosquito)]	6031793	CPIJ000878	8765at7157	B0W1B7	GO:0016021	C:integral component of membrane		
NW_001886709.1	1000001	0.123592724825793	0	0.123592724825793	gene	1049024	1049794	ID=gene21643;Dbxref=VectorBase:CPIJ000879,GeneID:6031794;Name=CpipJ_CPIJ000879;end_range=1049794,.;gbkey=Gene;gene_biotype=protein_coding;locus_tag=CpipJ_CPIJ000879;partial=true;start_range=.,1049024	mitochondrial NADH dehydrogenase Fe-S protein [Culex quinquefasciatus (southern house mosquito)]	6031794	CPIJ000879	13920at7157	A0A3V7VQF3				
NW_001886709.1	1000001	0.123592724825793	0	0.123592724825793	gene	1052823	1053870	ID=gene21644;Dbxref=VectorBase:CPIJ000880,GeneID:6031795;Name=CpipJ_CPIJ000880;end_range=1053870,.;gbkey=Gene;gene_biotype=protein_coding;locus_tag=CpipJ_CPIJ000880;partial=true;start_range=.,1052823	RNA-binding post-transcriptional regulator csx1 [Culex quinquefasciatus (southern house mosquito)]	6031795	CPIJ000880	12608at7157	B0W1B9	GO:0003723	F:RNA binding	IPR012677, IPR035979, IPR000504, IPR041085	Nucleotide-bd_a/b_plait_sf.; RBD_domain_sf.; RRM_dom.; TSAP1_C.
NW_001886709.1	1000001	0.123592724825793	0	0.123592724825793	gene	1055799	1055868	ID=gene21645;Dbxref=VectorBase:CPIJ021236,GeneID:6031796;Name=CpipJ_CPIJ021236;gbkey=Gene;gene_biotype=tRNA;locus_tag=CpipJ_CPIJ021236	tRNA [Culex quinquefasciatus (southern house mosquito)]	6031796	CPIJ021236		A0A0F7DK38	GO:0016021, GO:0005524, GO:0042626	C:integral component of membrane; F:ATP binding; F:ATPase activity, coupled to transmembrane movement of substances	IPR003593, IPR011527, IPR036640, IPR003439, IPR027417, IPR039421	AAA+_ATPase.; ABC1_TM_dom.; ABC1_TM_sf.; ABC_transporter-like.; P-loop_NTPase.; Type_I_exporter.
NW_001886709.1	1000001	0.123592724825793	0	0.123592724825793	gene	1056930	1070583	ID=gene21646;Dbxref=VectorBase:CPIJ000881,GeneID:6031797;Name=CpipJ_CPIJ000881;end_range=1070583,.;gbkey=Gene;gene_biotype=protein_coding;locus_tag=CpipJ_CPIJ000881;partial=true;start_range=.,1056930	hypothetical protein [Culex quinquefasciatus (southern house mosquito)]	6031797	CPIJ000881	13384at7157	A0A3Y1CCS6				
NW_001886709.1	1000001	0.123592724825793	0	0.123592724825793	gene	1090224	1091117	ID=gene21647;Dbxref=VectorBase:CPIJ000882,GeneID:6031798;Name=CpipJ_CPIJ000882;end_range=1091117,.;gbkey=Gene;gene_biotype=protein_coding;locus_tag=CpipJ_CPIJ000882;partial=true;start_range=.,1090224	hypothetical protein [Culex quinquefasciatus (southern house mosquito)]	6031798	CPIJ000882	23369at7157	B0W1C1				
NW_001886709.1	1300001	0.112359740257558	0	0.112359740257558	gene	1378055	1383124	ID=gene21666;Dbxref=VectorBase:CPIJ000899,GeneID:6031817;Name=CpipJ_CPIJ000899;end_range=1383124,.;gbkey=Gene;gene_biotype=protein_coding;locus_tag=CpipJ_CPIJ000899;partial=true;start_range=.,1378055	hypothetical protein [Culex quinquefasciatus (southern house mosquito)]	6031817	CPIJ000899	11860at7157	B0W1D8			IPR032134	DUF4816.
NW_001886709.1	1300001	0.112359740257558	0	0.112359740257558	gene	1395238	1395313	ID=gene21667;Dbxref=VectorBase:CPIJ021257,GeneID:6031818;Name=CpipJ_CPIJ021257;gbkey=Gene;gene_biotype=tRNA;locus_tag=CpipJ_CPIJ021257	tRNA [Culex quinquefasciatus (southern house mosquito)]	6031818	CPIJ021257		A0A0Q9Z1G2			IPR008462, IPR026042, IPR036629	CsbD.; YjbJ.; YjbJ_sf.
NW_001886709.1	1300001	0.112359740257558	0	0.112359740257558	gene	1354330	1354402	ID=gene21665;Dbxref=VectorBase:CPIJ021254,GeneID:6031816;Name=CpipJ_CPIJ021254;gbkey=Gene;gene_biotype=tRNA;locus_tag=CpipJ_CPIJ021254	tRNA [Culex quinquefasciatus (southern house mosquito)]	6031816	CPIJ021254		A0A3Z6QSS5				
NW_001886711.1	100001	0.22305491076497	0.0851366000677502	0.13791831069722	gene	174059	174132	ID=gene21467;Dbxref=VectorBase:CPIJ021304,GeneID:6031926;Name=CpipJ_CPIJ021304;gbkey=Gene;gene_biotype=tRNA;locus_tag=CpipJ_CPIJ021304	tRNA [Culex quinquefasciatus (southern house mosquito)]	6031926	CPIJ021304		A0A3Y1CD76				
NW_001886711.1	100001	0.22305491076497	0.0851366000677502	0.13791831069722	gene	180479	181259	ID=gene21468;Dbxref=VectorBase:CPIJ000940,GeneID:6031927;Name=CpipJ_CPIJ000940;end_range=181259,.;gbkey=Gene;gene_biotype=protein_coding;locus_tag=CpipJ_CPIJ000940;partial=true;start_range=.,180479	nonsense-mediated mRNA decay protein 1 [Culex quinquefasciatus (southern house mosquito)]	6031927	CPIJ000940		B0W1M6	GO:0005737, GO:0005524, GO:0003677, GO:0004386, GO:0008270, GO:0000184	C:cytoplasm; F:ATP binding; F:DNA binding; F:helicase activity; F:zinc ion binding; P:nuclear-transcribed mRNA catabolic process, nonsense-mediated decay	IPR018999	RNA-helicase_UPF1_UPF2-interct.
NW_001886711.1	100001	0.22305491076497	0.0851366000677502	0.13791831069722	gene	108169	109096	ID=gene21464;Dbxref=VectorBase:CPIJ000938,GeneID:6031922;Name=CpipJ_CPIJ000938;end_range=109096,.;gbkey=Gene;gene_biotype=protein_coding;locus_tag=CpipJ_CPIJ000938;partial=true;start_range=.,108169	techylectin-5B [Culex quinquefasciatus (southern house mosquito)]	6031922	CPIJ000938	11542at7157	B0W1M4			IPR036056, IPR002181, IPR020837	Fibrinogen-like_C.; Fibrinogen_a/b/g_C_dom.; Fibrinogen_CS.
NW_001886711.1	100001	0.22305491076497	0.0851366000677502	0.13791831069722	gene	112917	118718	ID=gene21465;Dbxref=VectorBase:CPIJ000939,GeneID:6031923;Name=CpipJ_CPIJ000939;end_range=118718,.;gbkey=Gene;gene_biotype=protein_coding;locus_tag=CpipJ_CPIJ000939;partial=true;start_range=.,112917	fibrinogen and fibronectin [Culex quinquefasciatus (southern house mosquito)]	6031923	CPIJ000939	8430at7157	B0W1M5			IPR036056, IPR002181	Fibrinogen-like_C.; Fibrinogen_a/b/g_C_dom.
NW_001886711.1	100001	0.22305491076497	0.0851366000677502	0.13791831069722	gene	146772	146840	ID=gene21466;Dbxref=VectorBase:CPIJ021303,GeneID:6031924;Name=CpipJ_CPIJ021303;gbkey=Gene;gene_biotype=tRNA;locus_tag=CpipJ_CPIJ021303	tRNA [Culex quinquefasciatus (southern house mosquito)]	6031924	CPIJ021303		A0A0F7J7R0	GO:0051287, GO:0050661, GO:0016620, GO:0006006	F:NAD binding; F:NADP binding; F:oxidoreductase activity, acting on the aldehyde or oxo group of donors, NAD or NADP as acceptor; P:glucose metabolic process	IPR020831, IPR020830, IPR020829, IPR020828, IPR006424, IPR036291	GlycerAld/Erythrose_P_DH.; GlycerAld_3-P_DH_AS.; GlycerAld_3-P_DH_cat.; GlycerAld_3-P_DH_NAD(P)-bd.; Glyceraldehyde-3-P_DH_1.; NAD(P)-bd_dom_sf.
NW_001886711.1	100001	0.22305491076497	0.0851366000677502	0.13791831069722	gene	107039	107938	ID=gene21463;Dbxref=VectorBase:CPIJ000937,GeneID:6031925;Name=CpipJ_CPIJ000937;end_range=107938,.;gbkey=Gene;gene_biotype=protein_coding;locus_tag=CpipJ_CPIJ000937;partial=true;start_range=.,107039	techylectin-5B [Culex quinquefasciatus (southern house mosquito)]	6031925	CPIJ000937	21385at7157	B0W1M3			IPR036056, IPR002181	Fibrinogen-like_C.; Fibrinogen_a/b/g_C_dom.
NW_001886711.1	800001	0.25249607071046	0.151119997080164	0.101376073630296	gene	807717	817042	ID=gene21497;Dbxref=VectorBase:CPIJ000963,GeneID:6031956;Name=CpipJ_CPIJ000963;end_range=817042,.;gbkey=Gene;gene_biotype=protein_coding;locus_tag=CpipJ_CPIJ000963;partial=true;start_range=.,807717	kinesin family member 21A [Culex quinquefasciatus (southern house mosquito)]	6031956	CPIJ000963	20990at7157	A0A3Y4RUM3				
NW_001886711.1	800001	0.25249607071046	0.151119997080164	0.101376073630296	gene	821681	826019	ID=gene21498;Dbxref=VectorBase:CPIJ000964,GeneID:6031957;Name=CpipJ_CPIJ000964;end_range=826019,.;gbkey=Gene;gene_biotype=protein_coding;locus_tag=CpipJ_CPIJ000964;partial=true;start_range=.,821681	chromosome-associated kinesin KIF4A [Culex quinquefasciatus (southern house mosquito)]	6031957	CPIJ000964	704at7157	B0W1Q0	GO:0005524, GO:0008017, GO:0003777, GO:0007018	F:ATP binding; F:microtubule binding; F:microtubule motor activity; P:microtubule-based movement	IPR027640, IPR019821, IPR001752, IPR036961, IPR027417	Kinesin-like_fam.; Kinesin_motor_CS.; Kinesin_motor_dom.; Kinesin_motor_dom_sf.; P-loop_NTPase.
NW_001886722.1	900001	0.20236073643282	0.0665264698555624	0.135834266577258	gene	970014	970082	ID=gene20555;Dbxref=VectorBase:CPIJ022061,GeneID:6032952;Name=CpipJ_CPIJ022061;gbkey=Gene;gene_biotype=tRNA;locus_tag=CpipJ_CPIJ022061	tRNA [Culex quinquefasciatus (southern house mosquito)]	6032952	CPIJ022061		A0A0F7JE30	GO:0016021, GO:0016787	C:integral component of membrane; F:hydrolase activity	IPR005598	ATP_synth_I.
NW_001886724.1	500001	0.107000372759743	0	0.107000372759743	gene	572083	572958	ID=gene20429;Dbxref=VectorBase:CPIJ002010,GeneID:6033043;Name=CpipJ_CPIJ002010;end_range=572958,.;gbkey=Gene;gene_biotype=protein_coding;locus_tag=CpipJ_CPIJ002010;partial=true;start_range=.,572083	hypothetical protein [Culex quinquefasciatus (southern house mosquito)]	6033043	CPIJ002010		A0A1J4QMV9			IPR010092, IPR008775	Chlorin_enz.; Phytyl_CoA_dOase.
NW_001886725.1	1500001	0.557907128256289	0.458157314309529	0.09974981394676	gene	1582774	1584448	ID=gene20402;Dbxref=VectorBase:CPIJ001760,GeneID:6033134;Name=CpipJ_CPIJ001760;end_range=1584448,.;gbkey=Gene;gene_biotype=protein_coding;locus_tag=CpipJ_CPIJ001760;partial=true;start_range=.,1582774	jak kinase hopscotch [Culex quinquefasciatus (southern house mosquito)]	6033134	CPIJ001760	1134at7157	A0A3Z6QM73				
NW_001886728.1	300001	0.251047361807524	0.122057509905313	0.128989851902211	gene	382565	385237	ID=gene20131;Dbxref=VectorBase:CPIJ001467,GeneID:6033302;Name=CpipJ_CPIJ001467;end_range=385237,.;gbkey=Gene;gene_biotype=protein_coding;locus_tag=CpipJ_CPIJ001467;partial=true;start_range=.,382565	hypothetical protein [Culex quinquefasciatus (southern house mosquito)]	6033302	CPIJ001467	9508at7157	A0A0F7J5G5	GO:0016021	C:integral component of membrane	IPR005115	UPF0126.
NW_001886729.1	1	0.679635501681801	0.504864354507358	0.174771147174443	gene	25552	51442	ID=gene20071;Dbxref=VectorBase:CPIJ002170,GeneID:6033437;Name=CpipJ_CPIJ002170;end_range=51442,.;gbkey=Gene;gene_biotype=protein_coding;locus_tag=CpipJ_CPIJ002170;partial=true;start_range=.,25552	hypothetical protein [Culex quinquefasciatus (southern house mosquito)]	6033437	CPIJ002170	12394at7157	A0A379VRW1	GO:0016021, GO:0055085	C:integral component of membrane; P:transmembrane transport	IPR011701, IPR020846, IPR036259	MFS.; MFS_dom.; MFS_trans_sf.
NW_001886729.1	1	0.679635501681801	0.504864354507358	0.174771147174443	gene	62250	84470	ID=gene20072;Dbxref=VectorBase:CPIJ002171,GeneID:6033381;Name=CpipJ_CPIJ002171;end_range=84470,.;gbkey=Gene;gene_biotype=protein_coding;locus_tag=CpipJ_CPIJ002171;partial=true;start_range=.,62250	t-cell leukemia homeobox protein [Culex quinquefasciatus (southern house mosquito)]	6033381	CPIJ002171	12394at7157	A0A3Z6QT23				
NW_001886730.1	600001	0.297002223000925	0.185073582131102	0.111928640869823	gene	695811	695882	ID=gene20021;Dbxref=VectorBase:CPIJ022416,GeneID:6033470;Name=CpipJ_CPIJ022416;gbkey=Gene;gene_biotype=tRNA;locus_tag=CpipJ_CPIJ022416	tRNA [Culex quinquefasciatus (southern house mosquito)]	6033470	CPIJ022416		A0A3Y9C4Z6				
NW_001886730.1	600001	0.297002223000925	0.185073582131102	0.111928640869823	gene	698503	698836	ID=gene20022;Dbxref=VectorBase:CPIJ002246,GeneID:6033471;Name=CpipJ_CPIJ002246;end_range=698836,.;gbkey=Gene;gene_biotype=protein_coding;locus_tag=CpipJ_CPIJ002246;partial=true;start_range=.,698503	elongation factor-1 alpha [Culex quinquefasciatus (southern house mosquito)]	6033471	CPIJ002246		B0W5C7	GO:0003746	F:translation elongation factor activity		
NW_001886730.1	600001	0.297002223000925	0.185073582131102	0.111928640869823	gene	644010	651075	ID=gene20016;Dbxref=VectorBase:CPIJ002240,GeneID:6033463;Name=CpipJ_CPIJ002240;end_range=651075,.;gbkey=Gene;gene_biotype=protein_coding;locus_tag=CpipJ_CPIJ002240;partial=true;start_range=.,644010	coronin [Culex quinquefasciatus (southern house mosquito)]	6033463	CPIJ002240	4976at7157	B0W5C1			IPR015505, IPR015943, IPR001680, IPR019775, IPR017986, IPR036322	Coronin.; WD40/YVTN_repeat-like_dom_sf.; WD40_repeat.; WD40_repeat_CS.; WD40_repeat_dom.; WD40_repeat_dom_sf.
NW_001886730.1	600001	0.297002223000925	0.185073582131102	0.111928640869823	gene	666687	666760	ID=gene20018;Dbxref=VectorBase:CPIJ022412,GeneID:6033466;Name=CpipJ_CPIJ022412;gbkey=Gene;gene_biotype=tRNA;locus_tag=CpipJ_CPIJ022412	tRNA [Culex quinquefasciatus (southern house mosquito)]	6033466	CPIJ022412		A0A0F7DII6	GO:0005737, GO:0005524, GO:0004141, GO:0000287, GO:0009102	C:cytoplasm; F:ATP binding; F:dethiobiotin synthase activity; F:magnesium ion binding; P:biotin biosynthetic process	IPR004472, IPR027417	DTB_synth_BioD.; P-loop_NTPase.
NW_001886730.1	600001	0.297002223000925	0.185073582131102	0.111928640869823	gene	684073	684378	ID=gene20019;Dbxref=VectorBase:CPIJ002242,GeneID:6033465;Name=CpipJ_CPIJ002242;end_range=684378,.;gbkey=Gene;gene_biotype=protein_coding;locus_tag=CpipJ_CPIJ002242;partial=true;start_range=.,684073	phosphatidylinositol glycan, class c [Culex quinquefasciatus (southern house mosquito)]	6033465	CPIJ002242		A0A3U8PB68				
NW_001886730.1	600001	0.297002223000925	0.185073582131102	0.111928640869823	gene	690467	692569	ID=gene20020;Dbxref=VectorBase:CPIJ002245,GeneID:6033469;Name=CpipJ_CPIJ002245;end_range=692569,.;gbkey=Gene;gene_biotype=protein_coding;locus_tag=CpipJ_CPIJ002245;partial=true;start_range=.,690467	tyrosine-protein kinase transmembrane receptor Ror2 [Culex quinquefasciatus (southern house mosquito)]	6033469	CPIJ002245	3192at7157	B0W5C6	GO:0016021, GO:0005524, GO:0004713	C:integral component of membrane; F:ATP binding; F:protein tyrosine kinase activity	IPR020067, IPR036790, IPR011009, IPR000001, IPR013806, IPR018056, IPR038178, IPR000719, IPR017441, IPR001245, IPR008266, IPR020635	Frizzled_dom.; Frizzled_dom_sf.; Kinase-like_dom_sf.; Kringle.; Kringle-like.; Kringle_CS.; Kringle_sf.; Prot_kinase_dom.; Protein_kinase_ATP_BS.; Ser-Thr/Tyr_kinase_cat_dom.; Tyr_kinase_AS.; Tyr_kinase_cat_dom.
NW_001886730.1	600001	0.297002223000925	0.185073582131102	0.111928640869823	gene	656859	677280	ID=gene20017;Dbxref=VectorBase:CPIJ002241,GeneID:6033464;Name=CpipJ_CPIJ002241;end_range=677280,.;gbkey=Gene;gene_biotype=protein_coding;locus_tag=CpipJ_CPIJ002241;partial=true;start_range=.,656859	Brahma associated protein 170kD [Culex quinquefasciatus (southern house mosquito)]	6033464	CPIJ002241	768at7157	B0W5C2	GO:0003677, GO:0006355	F:DNA binding; P:regulation of transcription, DNA-templated	IPR016024, IPR003150	ARM-type_fold.; DNA-bd_RFX.
NW_001886730.1	600001	0.297002223000925	0.185073582131102	0.111928640869823	gene	606790	606863	ID=gene20012;Dbxref=VectorBase:CPIJ022410,GeneID:6033459;Name=CpipJ_CPIJ022410;gbkey=Gene;gene_biotype=tRNA;locus_tag=CpipJ_CPIJ022410	tRNA [Culex quinquefasciatus (southern house mosquito)]	6033459	CPIJ022410		A0A3U1SEI5				
NW_001886730.1	600001	0.297002223000925	0.185073582131102	0.111928640869823	gene	607801	609303	ID=gene20013;Dbxref=VectorBase:CPIJ002237,GeneID:6033460;Name=CpipJ_CPIJ002237;end_range=609303,.;gbkey=Gene;gene_biotype=protein_coding;locus_tag=CpipJ_CPIJ002237;partial=true;start_range=.,607801	hypothetical protein [Culex quinquefasciatus (southern house mosquito)]	6033460	CPIJ002237		B0W5B8				
NW_001886730.1	600001	0.297002223000925	0.185073582131102	0.111928640869823	gene	613628	614281	ID=gene20014;Dbxref=VectorBase:CPIJ002238,GeneID:6033461;Name=CpipJ_CPIJ002238;end_range=614281,.;gbkey=Gene;gene_biotype=protein_coding;locus_tag=CpipJ_CPIJ002238;partial=true;start_range=.,613628	hypothetical protein [Culex quinquefasciatus (southern house mosquito)]	6033461	CPIJ002238	24072at7157	B0W5B9				
NW_001886730.1	600001	0.297002223000925	0.185073582131102	0.111928640869823	gene	633729	634112	ID=gene20015;Dbxref=VectorBase:CPIJ002239,GeneID:6033462;Name=CpipJ_CPIJ002239;end_range=634112,.;gbkey=Gene;gene_biotype=protein_coding;locus_tag=CpipJ_CPIJ002239;partial=true;start_range=.,633729	actin-binding protein [Culex quinquefasciatus (southern house mosquito)]	6033462	CPIJ002239		B0W5C0			IPR029508, IPR015505, IPR015048, IPR015943	CORO1A.; Coronin.; DUF1899.; WD40/YVTN_repeat-like_dom_sf.
NW_001886730.1	1400001	0.268468627915698	0.0351362700286154	0.233332357887083	gene	1423285	1425589	ID=gene20067;Dbxref=VectorBase:CPIJ002289,GeneID:6033518;Name=CpipJ_CPIJ002289;end_range=1425589,.;gbkey=Gene;gene_biotype=protein_coding;locus_tag=CpipJ_CPIJ002289;partial=true;start_range=.,1423285	deoxyribonuclease I [Culex quinquefasciatus (southern house mosquito)]	6033518	CPIJ002289	9036at7157	B0W5H0	GO:0016787, GO:0046872, GO:0003676	F:hydrolase activity; F:metal ion binding; F:nucleic acid binding	IPR001604, IPR040255	DNA/RNA_non-sp_Endonuclease.; Non-specific_endonuclease.
NW_001886730.1	1400001	0.268468627915698	0.0351362700286154	0.233332357887083	gene	1470118	1470191	ID=gene20068;Dbxref=VectorBase:CPIJ022453,GeneID:6033519;Name=CpipJ_CPIJ022453;gbkey=Gene;gene_biotype=tRNA;locus_tag=CpipJ_CPIJ022453	tRNA [Culex quinquefasciatus (southern house mosquito)]	6033519	CPIJ022453		A0A3R0EEY4			IPR011006, IPR001867, IPR001789, IPR039420, IPR036388	CheY-like_superfamily.; OmpR/PhoB-type_DNA-bd.; Sig_transdc_resp-reg_receiver.; WalR-like.; WH-like_DNA-bd_sf.
NW_001886730.1	1400001	0.268468627915698	0.0351362700286154	0.233332357887083	gene	1471611	1471686	ID=gene20069;Dbxref=VectorBase:CPIJ022454,GeneID:6033520;Name=CpipJ_CPIJ022454;gbkey=Gene;gene_biotype=tRNA;locus_tag=CpipJ_CPIJ022454	tRNA [Culex quinquefasciatus (southern house mosquito)]	6033520	CPIJ022454		A0A0F7J4U8			IPR021237	DUF2618.
NW_001886733.1	1	0.14894429831088	0	0.14894429831088	gene	89948	92604	ID=gene19794;Dbxref=VectorBase:CPIJ002348,GeneID:6033665;Name=CpipJ_CPIJ002348;end_range=92604,.;gbkey=Gene;gene_biotype=protein_coding;locus_tag=CpipJ_CPIJ002348;partial=true;start_range=.,89948	hypothetical protein [Culex quinquefasciatus (southern house mosquito)]	6033665	CPIJ002348		A0A3U8HIX2				
NW_001886733.1	1	0.14894429831088	0	0.14894429831088	gene	73421	75388	ID=gene19792;Dbxref=VectorBase:CPIJ002346,GeneID:6033732;Name=CpipJ_CPIJ002346;end_range=75388,.;gbkey=Gene;gene_biotype=protein_coding;locus_tag=CpipJ_CPIJ002346;partial=true;start_range=.,73421	hypothetical protein [Culex quinquefasciatus (southern house mosquito)]	6033732	CPIJ002346		A0A3U8HPE4				
NW_001886733.1	1	0.14894429831088	0	0.14894429831088	gene	80044	84474	ID=gene19793;Dbxref=VectorBase:CPIJ002347,GeneID:6033666;Name=CpipJ_CPIJ002347;end_range=84474,.;gbkey=Gene;gene_biotype=protein_coding;locus_tag=CpipJ_CPIJ002347;partial=true;start_range=.,80044	hypothetical protein [Culex quinquefasciatus (southern house mosquito)]	6033666	CPIJ002347	4830at7157	B0W5V7	GO:0005741, GO:0035694	C:mitochondrial outer membrane; P:mitochondrial protein catabolic process	IPR026169	MIEAP.
NW_001886734.1	100001	0.288816907920957	0.166806646570983	0.122010261349974	gene	127083	131892	ID=gene19768;Dbxref=VectorBase:CPIJ002483,GeneID:6033741;Name=CpipJ_CPIJ002483;end_range=131892,.;gbkey=Gene;gene_biotype=protein_coding;locus_tag=CpipJ_CPIJ002483;partial=true;start_range=.,127083	hypothetical protein [Culex quinquefasciatus (southern house mosquito)]	6033741	CPIJ002483	1788at7157	A0A3U8ML69				
NW_001886734.1	100001	0.288816907920957	0.166806646570983	0.122010261349974	gene	117553	123229	ID=gene19767;Dbxref=VectorBase:CPIJ002482,GeneID:6033740;Name=CpipJ_CPIJ002482;end_range=123229,.;gbkey=Gene;gene_biotype=protein_coding;locus_tag=CpipJ_CPIJ002482;partial=true;start_range=.,117553	hypothetical protein [Culex quinquefasciatus (southern house mosquito)]	6033740	CPIJ002482		B0W617	GO:0016021	C:integral component of membrane		
NW_001886734.1	100001	0.288816907920957	0.166806646570983	0.122010261349974	gene	177318	188268	ID=gene19769;Dbxref=VectorBase:CPIJ002484,GeneID:6033733;Name=CpipJ_CPIJ002484;end_range=188268,.;gbkey=Gene;gene_biotype=protein_coding;locus_tag=CpipJ_CPIJ002484;partial=true;start_range=.,177318	hypothetical protein [Culex quinquefasciatus (southern house mosquito)]	6033733	CPIJ002484	16976at7157	A0A3U5YLP3				
NW_001886800.1	700001	0.387117402226264	0.287126479409818	0.099990922816446	gene	766601	773729	ID=gene16333;Dbxref=VectorBase:CPIJ005801,GeneID:6037363;Name=CpipJ_CPIJ005801;end_range=773729,.;gbkey=Gene;gene_biotype=protein_coding;locus_tag=CpipJ_CPIJ005801;partial=true;start_range=.,766601	LL5 beta protein [Culex quinquefasciatus (southern house mosquito)]	6037363	CPIJ005801		B0WF01				
NW_001886800.1	700001	0.387117402226264	0.287126479409818	0.099990922816446	gene	723518	734884	ID=gene16331;Dbxref=VectorBase:CPIJ005799,GeneID:6037361;Name=CpipJ_CPIJ005799;end_range=734884,.;gbkey=Gene;gene_biotype=protein_coding;locus_tag=CpipJ_CPIJ005799;partial=true;start_range=.,723518	hypothetical protein [Culex quinquefasciatus (southern house mosquito)]	6037361	CPIJ005799	11129at7157	B0WEZ9			IPR014020	Tensin_C2-dom.
NW_001886800.1	700001	0.387117402226264	0.287126479409818	0.099990922816446	gene	743847	757989	ID=gene16332;Dbxref=VectorBase:CPIJ005800,GeneID:6037362;Name=CpipJ_CPIJ005800;end_range=757989,.;gbkey=Gene;gene_biotype=protein_coding;locus_tag=CpipJ_CPIJ005800;partial=true;start_range=.,743847	tensin [Culex quinquefasciatus (southern house mosquito)]	6037362	CPIJ005800	17027at7157	B0WF00			IPR029021	Prot-tyrosine_phosphatase-like.
NW_001886800.1	600001	0.162825774649229	0.0662226427857755	0.0966031318634535	gene	635002	636006	ID=gene16321;Dbxref=VectorBase:CPIJ005790,GeneID:6037351;Name=CpipJ_CPIJ005790;end_range=636006,.;gbkey=Gene;gene_biotype=protein_coding;locus_tag=CpipJ_CPIJ005790;partial=true;start_range=.,635002	hypothetical protein [Culex quinquefasciatus (southern house mosquito)]	6037351	CPIJ005790	13425at7157	B0WEZ0	GO:0016021	C:integral component of membrane	IPR009688	DUF1279.
NW_001886800.1	600001	0.162825774649229	0.0662226427857755	0.0966031318634535	gene	630551	634441	ID=gene16320;Dbxref=VectorBase:CPIJ005789,GeneID:6037350;Name=CpipJ_CPIJ005789;end_range=634441,.;gbkey=Gene;gene_biotype=protein_coding;locus_tag=CpipJ_CPIJ005789;partial=true;start_range=.,630551	glycerol kinase [Culex quinquefasciatus (southern house mosquito)]	6037350	CPIJ005789	5185at7157	B0WEY9	GO:0016301, GO:0016773, GO:0005975	F:kinase activity; F:phosphotransferase activity, alcohol group as acceptor; P:carbohydrate metabolic process	IPR018485, IPR018483, IPR018484	Carb_kinase_FGGY_C.; Carb_kinase_FGGY_CS.; Carb_kinase_FGGY_N.
NW_001886800.1	600001	0.162825774649229	0.0662226427857755	0.0966031318634535	gene	653668	665077	ID=gene16325;Dbxref=VectorBase:CPIJ005794,GeneID:6037355;Name=CpipJ_CPIJ005794;end_range=665077,.;gbkey=Gene;gene_biotype=protein_coding;locus_tag=CpipJ_CPIJ005794;partial=true;start_range=.,653668	tensin [Culex quinquefasciatus (southern house mosquito)]	6037355	CPIJ005794	3481at7157	B0WEZ4			IPR011993, IPR013625, IPR006020, IPR000980, IPR036860, IPR035012, IPR033929	PH-like_dom_sf.; PTB.; PTB/PI_dom.; SH2.; SH2_dom_sf.; Tensin-like_SH2.; Tensin_PTB.
NW_001886800.1	600001	0.162825774649229	0.0662226427857755	0.0966031318634535	gene	616326	618835	ID=gene16319;Dbxref=VectorBase:CPIJ005788,GeneID:6037349;Name=CpipJ_CPIJ005788;end_range=618835,.;gbkey=Gene;gene_biotype=protein_coding;locus_tag=CpipJ_CPIJ005788;partial=true;start_range=.,616326	yellow-e [Culex quinquefasciatus (southern house mosquito)]	6037349	CPIJ005788	5495at7157	B0WEY8			IPR011042, IPR017996	6-blade_b-propeller_TolB-like.; Royal_jelly/protein_yellow.
NW_001886800.1	600001	0.162825774649229	0.0662226427857755	0.0966031318634535	gene	644784	646150	ID=gene16322;Dbxref=VectorBase:CPIJ005791,GeneID:6037352;Name=CpipJ_CPIJ005791;end_range=646150,.;gbkey=Gene;gene_biotype=protein_coding;locus_tag=CpipJ_CPIJ005791;partial=true;start_range=.,644784	mRNA cap guanine-N7 methyltransferase [Culex quinquefasciatus (southern house mosquito)]	6037352	CPIJ005791	10391at7157	B0WEZ1	GO:0005634, GO:0004482, GO:0003723	C:nucleus; F:mRNA (guanine-N7-)-methyltransferase activity; F:RNA binding	IPR004971, IPR016899, IPR039753, IPR029063	mRNA_G-N7_MeTrfase_dom.; mRNA_G-N7_MeTrfase_euk.; RG7MT1.; SAM-dependent_MTases.
NW_001886800.1	600001	0.162825774649229	0.0662226427857755	0.0966031318634535	gene	649386	649890	ID=gene16324;Dbxref=VectorBase:CPIJ005793,GeneID:6037354;Name=CpipJ_CPIJ005793;end_range=649890,.;gbkey=Gene;gene_biotype=protein_coding;locus_tag=CpipJ_CPIJ005793;partial=true;start_range=.,649386	binder of Arl Two [Culex quinquefasciatus (southern house mosquito)]	6037354	CPIJ005793	15326at7157	B0WEZ3			IPR038849, IPR023379	ARL2BP.; BART_dom.
NW_001886800.1	600001	0.162825774649229	0.0662226427857755	0.0966031318634535	gene	646685	649257	ID=gene16323;Dbxref=VectorBase:CPIJ005792,GeneID:6037353;Name=CpipJ_CPIJ005792;end_range=649257,.;gbkey=Gene;gene_biotype=protein_coding;locus_tag=CpipJ_CPIJ005792;partial=true;start_range=.,646685	nuclear pore complex protein Nup93 [Culex quinquefasciatus (southern house mosquito)]	6037353	CPIJ005792	1929at7157	B0WEZ2	GO:0016020, GO:0005643, GO:0017056, GO:0051028, GO:0015031	C:membrane; C:nuclear pore; F:structural constituent of nuclear pore; P:mRNA transport; P:protein transport	IPR007231	Nucleoporin_int_Nup93/Nic96.
NW_001886800.1	600001	0.162825774649229	0.0662226427857755	0.0966031318634535	gene	678139	678763	ID=gene16329;Dbxref=VectorBase:CPIJ005797,GeneID:6037359;Name=CpipJ_CPIJ005797;end_range=678763,.;gbkey=Gene;gene_biotype=protein_coding;locus_tag=CpipJ_CPIJ005797;partial=true;start_range=.,678139	tensin [Culex quinquefasciatus (southern house mosquito)]	6037359	CPIJ005797		B0WEZ7				
NW_001886800.1	600001	0.162825774649229	0.0662226427857755	0.0966031318634535	gene	659865	659933	ID=gene16326;Dbxref=VectorBase:CPIJ025328,GeneID:6037357;Name=CpipJ_CPIJ025328;gbkey=Gene;gene_biotype=tRNA;locus_tag=CpipJ_CPIJ025328	tRNA [Culex quinquefasciatus (southern house mosquito)]	6037357	CPIJ025328						
NW_001886800.1	600001	0.162825774649229	0.0662226427857755	0.0966031318634535	gene	671193	672359	ID=gene16327;Dbxref=VectorBase:CPIJ005795,GeneID:6037356;Name=CpipJ_CPIJ005795;end_range=672359,.;gbkey=Gene;gene_biotype=protein_coding;locus_tag=CpipJ_CPIJ005795;partial=true;start_range=.,671193	hypothetical protein [Culex quinquefasciatus (southern house mosquito)]	6037356	CPIJ005795		B0WEZ5				
NW_001886800.1	600001	0.162825774649229	0.0662226427857755	0.0966031318634535	gene	674465	675722	ID=gene16328;Dbxref=VectorBase:CPIJ005796,GeneID:6037358;Name=CpipJ_CPIJ005796;end_range=675722,.;gbkey=Gene;gene_biotype=protein_coding;locus_tag=CpipJ_CPIJ005796;partial=true;start_range=.,674465	tensin [Culex quinquefasciatus (southern house mosquito)]	6037358	CPIJ005796	22088at7157	B0WEZ6				
NW_001886800.1	400001	0.211012744231227	0.0706716561084242	0.140341088122803	gene	489074	490571	ID=gene16310;Dbxref=VectorBase:CPIJ005779,GeneID:6037339;Name=CpipJ_CPIJ005779;end_range=490571,.;gbkey=Gene;gene_biotype=protein_coding;locus_tag=CpipJ_CPIJ005779;partial=true;start_range=.,489074	succinyl-CoA ligase beta-chain, mitochondrial [Culex quinquefasciatus (southern house mosquito)]	6037339	CPIJ005779	7099at7157	B0WEX9	GO:0005739, GO:0005524, GO:0005525, GO:0000287, GO:0004775, GO:0004776, GO:0006104, GO:0006099	C:mitochondrion; F:ATP binding; F:GTP binding; F:magnesium ion binding; F:succinate-CoA ligase (ADP-forming) activity; F:succinate-CoA ligase (GDP-forming) activity; P:succinyl-CoA metabolic process; P:tricarboxylic acid cycle	IPR013650, IPR013815, IPR005811, IPR017866, IPR034722, IPR005809, IPR016102	ATP-grasp_succ-CoA_synth-type.; ATP_grasp_subdomain_1.; CoA_ligase.; Succ-CoA_synthase_bsu_CS.; Succ_CoA_betaG_euk.; Succ_CoA_synthase_bsu.; Succinyl-CoA_synth-like.
NW_001886800.1	400001	0.211012744231227	0.0706716561084242	0.140341088122803	gene	413762	426016	ID=gene16305;Dbxref=VectorBase:CPIJ005774,GeneID:6037334;Name=CpipJ_CPIJ005774;end_range=426016,.;gbkey=Gene;gene_biotype=protein_coding;locus_tag=CpipJ_CPIJ005774;partial=true;start_range=.,413762	vacuolar proton ATPase [Culex quinquefasciatus (southern house mosquito)]	6037334	CPIJ005774	2144at7157	A0A3Y1CTT7				
NW_001886800.1	400001	0.211012744231227	0.0706716561084242	0.140341088122803	gene	440908	445529	ID=gene16306;Dbxref=VectorBase:CPIJ005775,GeneID:6037335;Name=CpipJ_CPIJ005775;end_range=445529,.;gbkey=Gene;gene_biotype=protein_coding;locus_tag=CpipJ_CPIJ005775;partial=true;start_range=.,440908	polypeptide of 976 aa [Culex quinquefasciatus (southern house mosquito)]	6037335	CPIJ005775	13523at7157	B0WEX5				
NW_001886800.1	400001	0.211012744231227	0.0706716561084242	0.140341088122803	gene	448925	468792	ID=gene16307;Dbxref=VectorBase:CPIJ005776,GeneID:6037336;Name=CpipJ_CPIJ005776;end_range=468792,.;gbkey=Gene;gene_biotype=protein_coding;locus_tag=CpipJ_CPIJ005776;partial=true;start_range=.,448925	DEAD box ATP-dependent RNA helicase [Culex quinquefasciatus (southern house mosquito)]	6037336	CPIJ005776	5208at7157	B0WEX6	GO:0005524, GO:0004386, GO:0003723	F:ATP binding; F:helicase activity; F:RNA binding	IPR011545, IPR014001, IPR001650, IPR004087, IPR004088, IPR036612, IPR027417, IPR000629, IPR014014	DEAD/DEAH_box_helicase_dom.; Helicase_ATP-bd.; Helicase_C.; KH_dom.; KH_dom_type_1.; KH_dom_type_1_sf.; P-loop_NTPase.; RNA-helicase_DEAD-box_CS.; RNA_helicase_DEAD_Q_motif.
NW_001886800.1	400001	0.211012744231227	0.0706716561084242	0.140341088122803	gene	471197	473398	ID=gene16308;Dbxref=VectorBase:CPIJ005777,GeneID:6037337;Name=CpipJ_CPIJ005777;end_range=473398,.;gbkey=Gene;gene_biotype=protein_coding;locus_tag=CpipJ_CPIJ005777;partial=true;start_range=.,471197	synaptic vesicle protein [Culex quinquefasciatus (southern house mosquito)]	6037337	CPIJ005777	5508at7157	B0WEX7	GO:0016021, GO:0022857	C:integral component of membrane; F:transmembrane transporter activity	IPR020846, IPR005828, IPR036259	MFS_dom.; MFS_sugar_transport-like.; MFS_trans_sf.
NW_001886800.1	400001	0.211012744231227	0.0706716561084242	0.140341088122803	gene	476815	484395	ID=gene16309;Dbxref=VectorBase:CPIJ005778,GeneID:6037338;Name=CpipJ_CPIJ005778;end_range=484395,.;gbkey=Gene;gene_biotype=protein_coding;locus_tag=CpipJ_CPIJ005778;partial=true;start_range=.,476815	hypothetical protein [Culex quinquefasciatus (southern house mosquito)]	6037338	CPIJ005778	18826at7157	B0WEX8	GO:0003723	F:RNA binding	IPR004087, IPR004088, IPR036612	KH_dom.; KH_dom_type_1.; KH_dom_type_1_sf.
NW_001886802.1	100001	0.262650687001794	0.163641478631394	0.0990092083704	gene	107231	128771	ID=gene16240;Dbxref=VectorBase:CPIJ005370,GeneID:6037402;Name=CpipJ_CPIJ005370;end_range=128771,.;gbkey=Gene;gene_biotype=protein_coding;locus_tag=CpipJ_CPIJ005370;partial=true;start_range=.,107231	hypothetical protein [Culex quinquefasciatus (southern house mosquito)]	6037402	CPIJ005370	19069at7157	B0WF35				
NW_001886802.1	100001	0.262650687001794	0.163641478631394	0.0990092083704	gene	160940	199883	ID=gene16241;Dbxref=VectorBase:CPIJ005371,GeneID:6037403;Name=CpipJ_CPIJ005371;end_range=199883,.;gbkey=Gene;gene_biotype=protein_coding;locus_tag=CpipJ_CPIJ005371;partial=true;start_range=.,160940	reticulon/nogo receptor [Culex quinquefasciatus (southern house mosquito)]	6037403	CPIJ005371	7308at7157	B0WF36			IPR001611, IPR003591, IPR026906, IPR032675	Leu-rich_rpt.; Leu-rich_rpt_typical-subtyp.; LRR_5.; LRR_dom_sf.
NW_001886805.1	200001	0.31144248495116	0.208333037479043	0.103109447472117	gene	248454	251654	ID=gene16119;Dbxref=VectorBase:CPIJ005460,GeneID:6037527;Name=CpipJ_CPIJ005460;end_range=251654,.;gbkey=Gene;gene_biotype=protein_coding;locus_tag=CpipJ_CPIJ005460;partial=true;start_range=.,248454	hypothetical protein [Culex quinquefasciatus (southern house mosquito)]	6037527	CPIJ005460		B0WFE5				
NW_001886805.1	200001	0.31144248495116	0.208333037479043	0.103109447472117	gene	269759	293869	ID=gene16120;Dbxref=VectorBase:CPIJ005461,GeneID:6037528;Name=CpipJ_CPIJ005461;end_range=293869,.;gbkey=Gene;gene_biotype=protein_coding;locus_tag=CpipJ_CPIJ005461;partial=true;start_range=.,269759	beat protein [Culex quinquefasciatus (southern house mosquito)]	6037528	CPIJ005461	10770at7157	B0WFE6	GO:0016021	C:integral component of membrane	IPR013162, IPR013783	CD80_C2-set.; Ig-like_fold.
NW_001886807.1	800001	0.423941758805973	0.204224984316243	0.21971677448973	gene	861727	861799	ID=gene16055;Dbxref=VectorBase:CPIJ025249,GeneID:6037622;Name=CpipJ_CPIJ025249;gbkey=Gene;gene_biotype=tRNA;locus_tag=CpipJ_CPIJ025249	tRNA [Culex quinquefasciatus (southern house mosquito)]	6037622	CPIJ025249						
NW_001886807.1	800001	0.423941758805973	0.204224984316243	0.21971677448973	gene	881424	881496	ID=gene16057;Dbxref=VectorBase:CPIJ025251,GeneID:6037625;Name=CpipJ_CPIJ025251;gbkey=Gene;gene_biotype=tRNA;locus_tag=CpipJ_CPIJ025251	tRNA [Culex quinquefasciatus (southern house mosquito)]	6037625	CPIJ025251						
NW_001886807.1	800001	0.423941758805973	0.204224984316243	0.21971677448973	gene	811616	847212	ID=gene16054;Dbxref=VectorBase:CPIJ005631,GeneID:6037621;Name=CpipJ_CPIJ005631;end_range=847212,.;gbkey=Gene;gene_biotype=protein_coding;locus_tag=CpipJ_CPIJ005631;partial=true;start_range=.,811616	ganglioside induced differentiation associated protein [Culex quinquefasciatus (southern house mosquito)]	6037621	CPIJ005631	11451at7157	B0WFM7			IPR001251, IPR036865	CRAL-TRIO_dom.; CRAL-TRIO_dom_sf.
NW_001886808.1	400001	0.120034423830997	0	0.120034423830997	gene	432541	436659	ID=gene16004;Dbxref=VectorBase:CPIJ005226,GeneID:6037658;Name=CpipJ_CPIJ005226;end_range=436659,.;gbkey=Gene;gene_biotype=protein_coding;locus_tag=CpipJ_CPIJ005226;partial=true;start_range=.,432541	cyclin a [Culex quinquefasciatus (southern house mosquito)]	6037658	CPIJ005226		A0A3T5MHN5				
NW_001886808.1	400001	0.120034423830997	0	0.120034423830997	gene	449746	450625	ID=gene16006;Dbxref=VectorBase:CPIJ005228,GeneID:6037660;Name=CpipJ_CPIJ005228;end_range=450625,.;gbkey=Gene;gene_biotype=protein_coding;locus_tag=CpipJ_CPIJ005228;partial=true;start_range=.,449746	exosome complex exonuclease RRP43 [Culex quinquefasciatus (southern house mosquito)]	6037660	CPIJ005228	12068at7157	B0WFR3	GO:0000178, GO:0004527, GO:0006401, GO:0006396	C:exosome (RNase complex); F:exonuclease activity; P:RNA catabolic process; P:RNA processing	IPR001247, IPR015847, IPR036345, IPR027408, IPR020568, IPR033196	ExoRNase_PH_dom1.; ExoRNase_PH_dom2.; ExoRNase_PH_dom2_sf.; PNPase/RNase_PH_dom_sf.; Ribosomal_S5_D2-typ_fold.; Rrp43.
NW_001886808.1	400001	0.120034423830997	0	0.120034423830997	gene	444960	446361	ID=gene16005;Dbxref=VectorBase:CPIJ005227,GeneID:6037659;Name=CpipJ_CPIJ005227;end_range=446361,.;gbkey=Gene;gene_biotype=protein_coding;locus_tag=CpipJ_CPIJ005227;partial=true;start_range=.,444960	serine protease inhibitor [Culex quinquefasciatus (southern house mosquito)]	6037659	CPIJ005227		A0A3W5B0Q2				
NW_001886808.1	400001	0.120034423830997	0	0.120034423830997	gene	412652	418647	ID=gene16002;Dbxref=VectorBase:CPIJ005224,GeneID:6037655;Name=CpipJ_CPIJ005224;end_range=418647,.;gbkey=Gene;gene_biotype=protein_coding;locus_tag=CpipJ_CPIJ005224;partial=true;start_range=.,412652	hypothetical protein [Culex quinquefasciatus (southern house mosquito)]	6037655	CPIJ005224	2308at7157	B0WFQ9	GO:0000124, GO:0003712	C:SAGA complex; F:transcription coregulator activity	IPR021950	Spt20.
NW_001886808.1	400001	0.120034423830997	0	0.120034423830997	gene	461978	463798	ID=gene16007;Dbxref=VectorBase:CPIJ005229,GeneID:6037661;Name=CpipJ_CPIJ005229;end_range=463798,.;gbkey=Gene;gene_biotype=protein_coding;locus_tag=CpipJ_CPIJ005229;partial=true;start_range=.,461978	N-acetyl galactosaminyl transferase 6 [Culex quinquefasciatus (southern house mosquito)]	6037661	CPIJ005229	3605at7157	B0WFR4	GO:0000139, GO:0016021, GO:0030246, GO:0016757, GO:0006486	C:Golgi membrane; C:integral component of membrane; F:carbohydrate binding; F:transferase activity, transferring glycosyl groups; P:protein glycosylation	IPR001173, IPR029044, IPR035992, IPR000772	Glyco_trans_2-like.; Nucleotide-diphossugar_trans.; Ricin_B-like_lectins.; Ricin_B_lectin.
NW_001886808.1	400001	0.120034423830997	0	0.120034423830997	gene	466418	467177	ID=gene16008;Dbxref=VectorBase:CPIJ005230,GeneID:6037662;Name=CpipJ_CPIJ005230;end_range=467177,.;gbkey=Gene;gene_biotype=protein_coding;locus_tag=CpipJ_CPIJ005230;partial=true;start_range=.,466418	pmp22 peroxisomal membrane protein [Culex quinquefasciatus (southern house mosquito)]	6037662	CPIJ005230	14229at7157	B0WFR5	GO:0016021	C:integral component of membrane	IPR007248	Mpv17_PMP22.
NW_001886808.1	400001	0.120034423830997	0	0.120034423830997	gene	483309	484331	ID=gene16010;Dbxref=VectorBase:CPIJ005232,GeneID:6037664;Name=CpipJ_CPIJ005232;end_range=484331,.;gbkey=Gene;gene_biotype=protein_coding;locus_tag=CpipJ_CPIJ005232;partial=true;start_range=.,483309	hypothetical protein [Culex quinquefasciatus (southern house mosquito)]	6037664	CPIJ005232	10327at7157	B0WFR7	GO:0052855, GO:0005524, GO:0047453, GO:0046496	F:ADP-dependent NAD(P)H-hydrate dehydratase activity; F:ATP binding; F:ATP-dependent NAD(P)H-hydrate dehydratase activity; P:nicotinamide nucleotide metabolic process	IPR000631, IPR029056	CARKD.; Ribokinase-like.
NW_001886808.1	400001	0.120034423830997	0	0.120034423830997	gene	421159	421902	ID=gene16003;Dbxref=VectorBase:CPIJ005225,GeneID:6037657;Name=CpipJ_CPIJ005225;end_range=421902,.;gbkey=Gene;gene_biotype=protein_coding;locus_tag=CpipJ_CPIJ005225;partial=true;start_range=.,421159	hypothetical protein [Culex quinquefasciatus (southern house mosquito)]	6037657	CPIJ005225	2308at7157	B0WFR0				
NW_001886808.1	400001	0.120034423830997	0	0.120034423830997	gene	470390	473493	ID=gene16009;Dbxref=VectorBase:CPIJ005231,GeneID:6037663;Name=CpipJ_CPIJ005231;end_range=473493,.;gbkey=Gene;gene_biotype=protein_coding;locus_tag=CpipJ_CPIJ005231;partial=true;start_range=.,470390	N-acetyl galactosaminyl transferase 6 [Culex quinquefasciatus (southern house mosquito)]	6037663	CPIJ005231	3626at7157	B0WFR6	GO:0000139, GO:0016021, GO:0030246, GO:0016757, GO:0006486	C:Golgi membrane; C:integral component of membrane; F:carbohydrate binding; F:transferase activity, transferring glycosyl groups; P:protein glycosylation	IPR001173, IPR029044, IPR035992, IPR000772	Glyco_trans_2-like.; Nucleotide-diphossugar_trans.; Ricin_B-like_lectins.; Ricin_B_lectin.
NW_001886808.1	1	0.1418029897024	0	0.1418029897024	gene	23093	33902	ID=gene15974;Dbxref=VectorBase:CPIJ005196,GeneID:6037629;Name=CpipJ_CPIJ005196;end_range=33902,.;gbkey=Gene;gene_biotype=protein_coding;locus_tag=CpipJ_CPIJ005196;partial=true;start_range=.,23093	hypothetical protein [Culex quinquefasciatus (southern house mosquito)]	6037629	CPIJ005196	4153at7157	B0WFN1	GO:0004144	F:diacylglycerol O-acyltransferase activity	IPR009721	O-acyltransferase_WSD1_C.
NW_001886808.1	1	0.1418029897024	0	0.1418029897024	gene	93555	98224	ID=gene15983;Dbxref=VectorBase:CPIJ005205,GeneID:6037637;Name=CpipJ_CPIJ005205;end_range=98224,.;gbkey=Gene;gene_biotype=protein_coding;locus_tag=CpipJ_CPIJ005205;partial=true;start_range=.,93555	hypothetical protein [Culex quinquefasciatus (southern house mosquito)]	6037637	CPIJ005205	19449at7157	B0WFP0	GO:0016021	C:integral component of membrane		
NW_001886808.1	1	0.1418029897024	0	0.1418029897024	gene	26574	26646	ID=gene15975;Dbxref=VectorBase:CPIJ024830,GeneID:6037627;Name=CpipJ_CPIJ024830;gbkey=Gene;gene_biotype=tRNA;locus_tag=CpipJ_CPIJ024830	tRNA [Culex quinquefasciatus (southern house mosquito)]	6037627	CPIJ024830						
NW_001886808.1	1	0.1418029897024	0	0.1418029897024	gene	34394	36037	ID=gene15976;Dbxref=VectorBase:CPIJ005197,GeneID:6037630;Name=CpipJ_CPIJ005197;end_range=36037,.;gbkey=Gene;gene_biotype=protein_coding;locus_tag=CpipJ_CPIJ005197;partial=true;start_range=.,34394	hypothetical protein [Culex quinquefasciatus (southern house mosquito)]	6037630	CPIJ005197	4153at7157	B0WFN2	GO:0004144	F:diacylglycerol O-acyltransferase activity	IPR009721	O-acyltransferase_WSD1_C.
NW_001886808.1	1	0.1418029897024	0	0.1418029897024	gene	39477	41603	ID=gene15977;Dbxref=VectorBase:CPIJ005198,GeneID:6037631;Name=CpipJ_CPIJ005198;end_range=41603,.;gbkey=Gene;gene_biotype=protein_coding;locus_tag=CpipJ_CPIJ005198;partial=true;start_range=.,39477	hypothetical protein [Culex quinquefasciatus (southern house mosquito)]	6037631	CPIJ005198	4153at7157	B0WFN3	GO:0016021, GO:0004144	C:integral component of membrane; F:diacylglycerol O-acyltransferase activity	IPR009721	O-acyltransferase_WSD1_C.
NW_001886808.1	1	0.1418029897024	0	0.1418029897024	gene	44563	50477	ID=gene15978;Dbxref=VectorBase:CPIJ005199,GeneID:6037632;Name=CpipJ_CPIJ005199;end_range=50477,.;gbkey=Gene;gene_biotype=protein_coding;locus_tag=CpipJ_CPIJ005199;partial=true;start_range=.,44563	hypothetical protein [Culex quinquefasciatus (southern house mosquito)]	6037632	CPIJ005199	4153at7157	B0WFN4	GO:0016021, GO:0004144	C:integral component of membrane; F:diacylglycerol O-acyltransferase activity	IPR009721	O-acyltransferase_WSD1_C.
NW_001886808.1	1	0.1418029897024	0	0.1418029897024	gene	18975	22350	ID=gene15973;Dbxref=VectorBase:CPIJ005195,GeneID:6037694;Name=CpipJ_CPIJ005195;end_range=22350,.;gbkey=Gene;gene_biotype=protein_coding;locus_tag=CpipJ_CPIJ005195;partial=true;start_range=.,18975	hypothetical protein [Culex quinquefasciatus (southern house mosquito)]	6037694	CPIJ005195	13902at7157	A0A3U1Y5N5				
NW_001886808.1	1	0.1418029897024	0	0.1418029897024	gene	56389	70619	ID=gene15979;Dbxref=VectorBase:CPIJ005200,GeneID:6037628;Name=CpipJ_CPIJ005200;end_range=70619,.;gbkey=Gene;gene_biotype=protein_coding;locus_tag=CpipJ_CPIJ005200;partial=true;start_range=.,56389	hypothetical protein [Culex quinquefasciatus (southern house mosquito)]	6037628	CPIJ005200	16276at7157	B0WFN5			IPR029428	MCRIP.
NW_001886808.1	1	0.1418029897024	0	0.1418029897024	gene	78734	79509	ID=gene15980;Dbxref=VectorBase:CPIJ005202,GeneID:6037634;Name=CpipJ_CPIJ005202;end_range=79509,.;gbkey=Gene;gene_biotype=protein_coding;locus_tag=CpipJ_CPIJ005202;partial=true;start_range=.,78734	gonadal protein gdl [Culex quinquefasciatus (southern house mosquito)]	6037634	CPIJ005202	14299at7157	B0WFN7			IPR010849	Gonadal.
NW_001886808.1	1	0.1418029897024	0	0.1418029897024	gene	82601	83440	ID=gene15981;Dbxref=VectorBase:CPIJ005203,GeneID:6037635;Name=CpipJ_CPIJ005203;end_range=83440,.;gbkey=Gene;gene_biotype=protein_coding;locus_tag=CpipJ_CPIJ005203;partial=true;start_range=.,82601	peptide methionine sulfoxide reductase msrA [Culex quinquefasciatus (southern house mosquito)]	6037635	CPIJ005203	15153at7157	B0WFN8	GO:0008113	F:peptide-methionine (S)-S-oxide reductase activity	IPR020845, IPR002569, IPR036509	AMP-binding_CS.; Met_Sox_Rdtase_MsrA.; Met_Sox_Rdtase_MsrA_sf.
NW_001886808.1	1	0.1418029897024	0	0.1418029897024	gene	88341	89385	ID=gene15982;Dbxref=VectorBase:CPIJ005204,GeneID:6037636;Name=CpipJ_CPIJ005204;end_range=89385,.;gbkey=Gene;gene_biotype=protein_coding;locus_tag=CpipJ_CPIJ005204;partial=true;start_range=.,88341	peptide methionine sulfoxide reductase msrA [Culex quinquefasciatus (southern house mosquito)]	6037636	CPIJ005204	13087at7157	B0WFN9	GO:0008113	F:peptide-methionine (S)-S-oxide reductase activity	IPR002569, IPR036509	Met_Sox_Rdtase_MsrA.; Met_Sox_Rdtase_MsrA_sf.
NW_001886844.1	300001	0.204056647589896	0	0.204056647589896	gene	358007	369648	ID=gene14654;Dbxref=VectorBase:CPIJ006985,GeneID:6039076;Name=CpipJ_CPIJ006985;end_range=369648,.;gbkey=Gene;gene_biotype=protein_coding;locus_tag=CpipJ_CPIJ006985;partial=true;start_range=.,358007	hypothetical protein [Culex quinquefasciatus (southern house mosquito)]	6039076	CPIJ006985	14333at7157	A0A3U9DTW7				
NW_001886844.1	300001	0.204056647589896	0	0.204056647589896	gene	314299	326156	ID=gene14653;Dbxref=VectorBase:CPIJ006984,GeneID:6039075;Name=CpipJ_CPIJ006984;end_range=326156,.;gbkey=Gene;gene_biotype=protein_coding;locus_tag=CpipJ_CPIJ006984;partial=true;start_range=.,314299	g-protein coupled receptor [Culex quinquefasciatus (southern house mosquito)]	6039075	CPIJ006984	8769at7157	A0A2I5HDZ1	GO:0003700, GO:0043565	F:DNA-binding transcription factor activity; F:sequence-specific DNA binding	IPR009057, IPR018060, IPR018062, IPR020449	Homeobox-like_sf.; HTH_AraC.; HTH_AraC-typ_CS.; Tscrpt_reg_HTH_AraC-type.
NW_001886844.1	300001	0.204056647589896	0	0.204056647589896	gene	313262	313335	ID=gene14652;Dbxref=VectorBase:CPIJ026352,GeneID:6039074;Name=CpipJ_CPIJ026352;gbkey=Gene;gene_biotype=tRNA;locus_tag=CpipJ_CPIJ026352	tRNA [Culex quinquefasciatus (southern house mosquito)]	6039074	CPIJ026352		A0A3Z2FUZ7				
NW_001886930.1	300001	0.290666661322256	0.191350526800021	0.099316134522235	gene	335485	335557	ID=gene12049;Dbxref=VectorBase:CPIJ028275,GeneID:6041799;Name=CpipJ_CPIJ028275;gbkey=Gene;gene_biotype=tRNA;locus_tag=CpipJ_CPIJ028275	tRNA [Culex quinquefasciatus (southern house mosquito)]	6041799	CPIJ028275		A0A2I5HNC5	GO:0016740	F:transferase activity	IPR016181, IPR000182, IPR029069, IPR012660	Acyl_CoA_acyltransferase.; GNAT_dom.; HotDog_dom_sf.; YiiD_C.
NW_001886930.1	300001	0.290666661322256	0.191350526800021	0.099316134522235	gene	321225	343535	ID=gene12048;Dbxref=VectorBase:CPIJ008928,GeneID:6041797;Name=CpipJ_CPIJ008928;end_range=343535,.;gbkey=Gene;gene_biotype=protein_coding;locus_tag=CpipJ_CPIJ008928;partial=true;start_range=.,321225	cationic amino acid transporter [Culex quinquefasciatus (southern house mosquito)]	6041797	CPIJ008928	4822at7157	A0A3R0E6G6			IPR027463, IPR001036, IPR004764	AcrB_DN_DC_subdom.; Acrflvin-R.; HAE1.
NW_001886930.1	300001	0.290666661322256	0.191350526800021	0.099316134522235	gene	318399	319057	ID=gene12047;Dbxref=VectorBase:CPIJ008927,GeneID:6041796;Name=CpipJ_CPIJ008927;end_range=319057,.;gbkey=Gene;gene_biotype=protein_coding;locus_tag=CpipJ_CPIJ008927;partial=true;start_range=.,318399	hypothetical protein [Culex quinquefasciatus (southern house mosquito)]	6041796	CPIJ008927	16386at7157	A0A2I5HNN2	GO:0006355	P:regulation of transcription, DNA-templated	IPR013321, IPR002145	Arc_rbn_hlx_hlx.; CopG.
NW_001886930.1	300001	0.290666661322256	0.191350526800021	0.099316134522235	gene	307794	310154	ID=gene12046;Dbxref=VectorBase:CPIJ008926,GeneID:6041795;Name=CpipJ_CPIJ008926;end_range=310154,.;gbkey=Gene;gene_biotype=protein_coding;locus_tag=CpipJ_CPIJ008926;partial=true;start_range=.,307794	MutSH5 [Culex quinquefasciatus (southern house mosquito)]	6041795	CPIJ008926	2470at7157	A0A2I5HP85	GO:0000287, GO:0004540, GO:0090729	F:magnesium ion binding; F:ribonuclease activity; F:toxin activity	IPR029060, IPR002716, IPR022907	PIN-like_dom_sf.; PIN_dom.; VapC_family.
NW_001886930.1	300001	0.290666661322256	0.191350526800021	0.099316134522235	gene	370253	370325	ID=gene12050;Dbxref=VectorBase:CPIJ028277,GeneID:6041798;Name=CpipJ_CPIJ028277;gbkey=Gene;gene_biotype=tRNA;locus_tag=CpipJ_CPIJ028277	tRNA [Culex quinquefasciatus (southern house mosquito)]	6041798	CPIJ028277		A0A2I5HNJ3	GO:0043565, GO:0006355	F:sequence-specific DNA binding; P:regulation of transcription, DNA-templated	IPR039060, IPR001387, IPR010982	Antitox_HigA.; Cro/C1-type_HTH.; Lambda_DNA-bd_dom_sf.
NW_001886931.1	400001	0.21801438619989	0	0.21801438619989	gene	418164	426947	ID=gene12035;Dbxref=VectorBase:CPIJ009561,GeneID:6041836;Name=CpipJ_CPIJ009561;end_range=426947,.;gbkey=Gene;gene_biotype=protein_coding;locus_tag=CpipJ_CPIJ009561;partial=true;start_range=.,418164	set domain protein [Culex quinquefasciatus (southern house mosquito)]	6041836	CPIJ009561		A0A2I5HC36	GO:0003677, GO:0015074, GO:0006310	F:DNA binding; P:DNA integration; P:DNA recombination	IPR011010, IPR013762, IPR002104, IPR038488, IPR025166, IPR010998	DNA_brk_join_enz.; Integrase-like_cat_sf.; Integrase_catalytic.; Integrase_DNA-bd_sf.; Integrase_DNA_bind_dom.; Integrase_recombinase_N.
NW_001886931.1	400001	0.21801438619989	0	0.21801438619989	gene	438413	439577	ID=gene12036;Dbxref=VectorBase:CPIJ009562,GeneID:6041837;Name=CpipJ_CPIJ009562;end_range=439577,.;gbkey=Gene;gene_biotype=protein_coding;locus_tag=CpipJ_CPIJ009562;partial=true;start_range=.,438413	hypothetical protein [Culex quinquefasciatus (southern house mosquito)]	6041837	CPIJ009562		A0A3L7MGJ1	GO:0008253	F:5-nucleotidase activity		
NW_001886931.1	400001	0.21801438619989	0	0.21801438619989	gene	443789	445312	ID=gene12037;Dbxref=VectorBase:CPIJ009563,GeneID:6041838;Name=CpipJ_CPIJ009563;end_range=445312,.;gbkey=Gene;gene_biotype=protein_coding;locus_tag=CpipJ_CPIJ009563;partial=true;start_range=.,443789	no-on-transient A [Culex quinquefasciatus (southern house mosquito)]	6041838	CPIJ009563		A0A2I5HC31	GO:0005737, GO:0016407, GO:0006474	C:cytoplasm; F:acetyltransferase activity; P:N-terminal protein amino acid acetylation	IPR006464, IPR016181, IPR000182	AcTrfase_RimI/Ard1.; Acyl_CoA_acyltransferase.; GNAT_dom.
NW_001886931.1	300001	0.228572243569927	0.0889666067735346	0.139605636796392	gene	333821	336227	ID=gene12029;Dbxref=VectorBase:CPIJ009555,GeneID:6041829;Name=CpipJ_CPIJ009555;end_range=336227,.;gbkey=Gene;gene_biotype=protein_coding;locus_tag=CpipJ_CPIJ009555;partial=true;start_range=.,333821	condensin [Culex quinquefasciatus (southern house mosquito)]	6041829	CPIJ009555		A0A379U8R8	GO:0005737, GO:0005525, GO:0046872, GO:0061603, GO:0006777	C:cytoplasm; F:GTP binding; F:metal ion binding; F:molybdenum cofactor guanylyltransferase activity; P:Mo-molybdopterin cofactor biosynthetic process	IPR025877, IPR013482, IPR029044	MobA-like_NTP_Trfase.; Molybde_CF_guanTrfase.; Nucleotide-diphossugar_trans.
NW_001886931.1	300001	0.228572243569927	0.0889666067735346	0.139605636796392	gene	374310	379061	ID=gene12032;Dbxref=VectorBase:CPIJ009559,GeneID:6041833;Name=CpipJ_CPIJ009559;end_range=379061,.;gbkey=Gene;gene_biotype=protein_coding;locus_tag=CpipJ_CPIJ009559;partial=true;start_range=.,374310	hypothetical protein [Culex quinquefasciatus (southern house mosquito)]	6041833	CPIJ009559	2220at7157	A0A3R0CYD3			IPR000957, IPR034408, IPR005669	Sulphate/thiosulphate-bd_CS.; Sulphate/thiosulphate_BS.; Thiosulph/SO4-bd.
NW_001886931.1	300001	0.228572243569927	0.0889666067735346	0.139605636796392	gene	387417	387490	ID=gene12033;Dbxref=VectorBase:CPIJ028898,GeneID:6041834;Name=CpipJ_CPIJ028898;gbkey=Gene;gene_biotype=tRNA;locus_tag=CpipJ_CPIJ028898	tRNA [Culex quinquefasciatus (southern house mosquito)]	6041834	CPIJ028898		A0A2I5HC30				
NW_001886931.1	300001	0.228572243569927	0.0889666067735346	0.139605636796392	gene	356023	359586	ID=gene12030;Dbxref=VectorBase:CPIJ009556,GeneID:6041830;Name=CpipJ_CPIJ009556;end_range=359586,.;gbkey=Gene;gene_biotype=protein_coding;locus_tag=CpipJ_CPIJ009556;partial=true;start_range=.,356023	serine threonine-protein kinase [Culex quinquefasciatus (southern house mosquito)]	6041830	CPIJ009556	20433at7157	A0A2I5HQE7	GO:0005525, GO:0006777	F:GTP binding; P:Mo-molybdopterin cofactor biosynthetic process	IPR004435, IPR027417	MobB_dom.; P-loop_NTPase.
NW_001886931.1	300001	0.228572243569927	0.0889666067735346	0.139605636796392	gene	370372	372795	ID=gene12031;Dbxref=VectorBase:CPIJ009557,GeneID:6041831;Name=CpipJ_CPIJ009557;end_range=372795,.;gbkey=Gene;gene_biotype=protein_coding;locus_tag=CpipJ_CPIJ009557;partial=true;start_range=.,370372	elongation factor 1 alpha [Culex quinquefasciatus (southern house mosquito)]	6041831	CPIJ009557		A0A2I5HC41				
NW_001886972.1	400001	0.600539200280307	0.140720810285377	0.45981838999493	gene	453551	459844	ID=gene11024;Dbxref=VectorBase:CPIJ010260,GeneID:6042902;Name=CpipJ_CPIJ010260;end_range=459844,.;gbkey=Gene;gene_biotype=protein_coding;locus_tag=CpipJ_CPIJ010260;partial=true;start_range=.,453551	hypothetical protein [Culex quinquefasciatus (southern house mosquito)]	6042902	CPIJ010260		A0A2I5HNU3	GO:0016021, GO:0015031	C:integral component of membrane; P:protein transport	IPR002898	MotA_ExbB_proton_chnl.
NW_001886972.1	400001	0.600539200280307	0.140720810285377	0.45981838999493	gene	494607	496422	ID=gene11025;Dbxref=VectorBase:CPIJ010261,GeneID:6042903;Name=CpipJ_CPIJ010261;end_range=496422,.;gbkey=Gene;gene_biotype=protein_coding;locus_tag=CpipJ_CPIJ010261;partial=true;start_range=.,494607	condensin [Culex quinquefasciatus (southern house mosquito)]	6042903	CPIJ010261		A0A3U9E4T0				
NW_001886972.1	400001	0.600539200280307	0.140720810285377	0.45981838999493	gene	497559	498065	ID=gene11026;Dbxref=VectorBase:CPIJ010263,GeneID:6042905;Name=CpipJ_CPIJ010263;end_range=498065,.;gbkey=Gene;gene_biotype=protein_coding;locus_tag=CpipJ_CPIJ010263;partial=true;start_range=.,497559	condensin, XCAP-G'-subunit [Culex quinquefasciatus (southern house mosquito)]	6042905	CPIJ010263						
NW_001886972.1	100001	0.699416510674642	0.553178214388988	0.146238296285654	gene	125888	127157	ID=gene11017;Dbxref=VectorBase:CPIJ010255,GeneID:6042898;Name=CpipJ_CPIJ010255;end_range=127157,.;gbkey=Gene;gene_biotype=protein_coding;locus_tag=CpipJ_CPIJ010255;partial=true;start_range=.,125888	juvenile hormone acid methyl transferase [Culex quinquefasciatus (southern house mosquito)]	6042898	CPIJ010255	11035at7157	A0A2I5HNV2	GO:0005737, GO:0009380, GO:0005524, GO:0016887, GO:0003677, GO:0009381, GO:0008270, GO:0006289, GO:0009432	C:cytoplasm; C:excinuclease repair complex; F:ATP binding; F:ATPase activity; F:DNA binding; F:excinuclease ABC activity; F:zinc ion binding; P:nucleotide-excision repair; P:SOS response	IPR003439, IPR017871, IPR027417, IPR004602, IPR041552, IPR041102	ABC_transporter-like.; ABC_transporter_CS.; P-loop_NTPase.; UvrA.; UvrA_DNA-bd.; UvrA_inter.
NW_001886972.1	100001	0.699416510674642	0.553178214388988	0.146238296285654	gene	132673	133511	ID=gene11018;Dbxref=VectorBase:CPIJ010256,GeneID:6042899;Name=CpipJ_CPIJ010256;end_range=133511,.;gbkey=Gene;gene_biotype=protein_coding;locus_tag=CpipJ_CPIJ010256;partial=true;start_range=.,132673	GTP-binding protein Rab-3D [Culex quinquefasciatus (southern house mosquito)]	6042899	CPIJ010256	12368at7157	A0A2I5HNT9				
NW_001886972.1	100001	0.699416510674642	0.553178214388988	0.146238296285654	gene	166459	166745	ID=gene11019;Dbxref=VectorBase:CPIJ010257,GeneID:6042896;Name=CpipJ_CPIJ010257;end_range=166745,.;gbkey=Gene;gene_biotype=protein_coding;locus_tag=CpipJ_CPIJ010257;partial=true;start_range=.,166459	60S ribosomal protein L7a [Culex quinquefasciatus (southern house mosquito)]	6042896	CPIJ010257		A0A2I5HPN6				
NW_001886978.1	400001	0.116362090180843	0	0.116362090180843	gene	453169	456665	ID=gene10887;Dbxref=VectorBase:CPIJ010551,GeneID:6043072;Name=CpipJ_CPIJ010551;end_range=456665,.;gbkey=Gene;gene_biotype=protein_coding;locus_tag=CpipJ_CPIJ010551;partial=true;start_range=.,453169	hypothetical protein [Culex quinquefasciatus (southern house mosquito)]	6043072	CPIJ010551	17938at7157	A0A2I5HHQ2			IPR010039, IPR036412, IPR023214	EcbF_BcbF.; HAD-like_sf.; HAD_sf.
NW_001886978.1	400001	0.116362090180843	0	0.116362090180843	gene	463655	469205	ID=gene10889;Dbxref=VectorBase:CPIJ010553,GeneID:6043074;Name=CpipJ_CPIJ010553;end_range=469205,.;gbkey=Gene;gene_biotype=protein_coding;locus_tag=CpipJ_CPIJ010553;partial=true;start_range=.,463655	cyclin d [Culex quinquefasciatus (southern house mosquito)]	6043074	CPIJ010553	16196at7157	A0A3U9E5I2				
NW_001886978.1	400001	0.116362090180843	0	0.116362090180843	gene	457559	458744	ID=gene10888;Dbxref=VectorBase:CPIJ010552,GeneID:6043073;Name=CpipJ_CPIJ010552;end_range=458744,.;gbkey=Gene;gene_biotype=protein_coding;locus_tag=CpipJ_CPIJ010552;partial=true;start_range=.,457559	cyclin d [Culex quinquefasciatus (southern house mosquito)]	6043073	CPIJ010552		A0A2I5HHQ8				
NW_001886978.1	400001	0.116362090180843	0	0.116362090180843	gene	435273	439226	ID=gene10886;Dbxref=VectorBase:CPIJ010550,GeneID:6043071;Name=CpipJ_CPIJ010550;end_range=439226,.;gbkey=Gene;gene_biotype=protein_coding;locus_tag=CpipJ_CPIJ010550;partial=true;start_range=.,435273	DNA polymerase theta [Culex quinquefasciatus (southern house mosquito)]	6043071	CPIJ010550	1276at7157	A0A2I5HHQ4			IPR011009, IPR029044	Kinase-like_dom_sf.; Nucleotide-diphossugar_trans.
NW_001886980.1	1	0.167609011097597	0.051681400956577	0.11592761014102	gene	76613	77055	ID=gene10808;Dbxref=VectorBase:CPIJ010670,GeneID:6043103;Name=CpipJ_CPIJ010670;end_range=77055,.;gbkey=Gene;gene_biotype=protein_coding;locus_tag=CpipJ_CPIJ010670;partial=true;start_range=.,76613	hypothetical protein [Culex quinquefasciatus (southern house mosquito)]	6043103	CPIJ010670	17805at7157	A0A2I5HF14	GO:0016787	F:hydrolase activity	IPR029058	AB_hydrolase.
NW_001886980.1	1	0.167609011097597	0.051681400956577	0.11592761014102	gene	77089	77892	ID=gene10809;Dbxref=VectorBase:CPIJ010671,GeneID:6043098;Name=CpipJ_CPIJ010671;end_range=77892,.;gbkey=Gene;gene_biotype=protein_coding;locus_tag=CpipJ_CPIJ010671;partial=true;start_range=.,77089	vacuolar sorting protein SNF8 [Culex quinquefasciatus (southern house mosquito)]	6043098	CPIJ010671	12853at7157	A0A3U5NK49				
NW_001886980.1	1	0.167609011097597	0.051681400956577	0.11592761014102	gene	63784	65477	ID=gene10806;Dbxref=VectorBase:CPIJ010668,GeneID:6043102;Name=CpipJ_CPIJ010668;end_range=65477,.;gbkey=Gene;gene_biotype=protein_coding;locus_tag=CpipJ_CPIJ010668;partial=true;start_range=.,63784	zinc finger protein 14 [Culex quinquefasciatus (southern house mosquito)]	6043102	CPIJ010668		A0A3U5NTU2				
NW_001886980.1	1	0.167609011097597	0.051681400956577	0.11592761014102	gene	86075	93028	ID=gene10810;Dbxref=VectorBase:CPIJ010672,GeneID:6043099;Name=CpipJ_CPIJ010672;end_range=93028,.;gbkey=Gene;gene_biotype=protein_coding;locus_tag=CpipJ_CPIJ010672;partial=true;start_range=.,86075	zinc finger protein [Culex quinquefasciatus (southern house mosquito)]	6043099	CPIJ010672		A0A3U9E5A7				
NW_001886980.1	1	0.167609011097597	0.051681400956577	0.11592761014102	gene	70213	72101	ID=gene10807;Dbxref=VectorBase:CPIJ010669,GeneID:6043097;Name=CpipJ_CPIJ010669;end_range=72101,.;gbkey=Gene;gene_biotype=protein_coding;locus_tag=CpipJ_CPIJ010669;partial=true;start_range=.,70213	rab protein geranylgeranyltransferase component A 1 [Culex quinquefasciatus (southern house mosquito)]	6043097	CPIJ010669	4933at7157	A0A3U9E588				
NW_001886980.1	1	0.167609011097597	0.051681400956577	0.11592761014102	gene	61879	63277	ID=gene10805;Dbxref=VectorBase:CPIJ010667,GeneID:6043101;Name=CpipJ_CPIJ010667;end_range=63277,.;gbkey=Gene;gene_biotype=protein_coding;locus_tag=CpipJ_CPIJ010667;partial=true;start_range=.,61879	mannose-1-phosphate guanyltransferase [Culex quinquefasciatus (southern house mosquito)]	6043101	CPIJ010667	6472at7157	A0A3U5NTX4				
NW_001886980.1	1	0.167609011097597	0.051681400956577	0.11592761014102	gene	50897	55771	ID=gene10804;Dbxref=VectorBase:CPIJ010666,GeneID:6043128;Name=CpipJ_CPIJ010666;end_range=55771,.;gbkey=Gene;gene_biotype=protein_coding;locus_tag=CpipJ_CPIJ010666;partial=true;start_range=.,50897	hypothetical protein [Culex quinquefasciatus (southern house mosquito)]	6043128	CPIJ010666	508at7157	A0A3U9E5B4				
